name,category,state,district,description,lat,lng,image_url,tag,ai_description
<<<<<<< HEAD
Etikoppaka Toys,Handicraft,Andhra Pradesh,Anakapalli,"Geographical Indication (GI) registered traditional handicraft of Andhra Pradesh, officially recognised under India's GI Registry (ipindia.gov.in).",17.583300,82.750000,https://upload.wikimedia.org/wikipedia/commons/1/1f/Banana_fields_at_Etikoppaka_Varaha_river_Visakhapatnam.jpg?utm_source=en.wikipedia.org&utm_campaign=api&utm_content=original,GI,"Discover the enchanting world of Etikoppaka Toys, a cherished traditional handicraft from the Anakapalli region of Andhra Pradesh. Officially recognized with a Geographical Indication (GI) registration, this unique craft represents the authentic heritage and artistic legacy of the local community. We invite you to explore these special treasures and connect with a genuine piece of Andhra Pradesh's rich cultural history."
Channapatna Toys And Dolls,Handicraft,Karnataka,Ramanagara,"Geographical Indication (GI) registered traditional handicraft of Karnataka, officially recognised under India's GI Registry (ipindia.gov.in).",12.651400,77.206500,https://upload.wikimedia.org/wikipedia/commons/b/ba/Wooden_toys.JPG?utm_source=en.wikipedia.org&utm_campaign=api&utm_content=original,GI,"Welcome to Ramanagara, Karnataka, the proud home of the cherished Channapatna Toys and Dolls. This traditional handicraft is so unique to its region that it is officially registered as a protected Geographical Indication of Karnataka. Take a moment to explore these wonderful creations and discover a certified piece of local heritage that will bring a smile to your travels."
Orissa Pattachitra,Handicraft,Odisha,Puri,"Geographical Indication (GI) registered traditional handicraft of Odisha, officially recognised under India's GI Registry (ipindia.gov.in).",20.296100,85.824500,https://upload.wikimedia.org/wikipedia/commons/7/7d/Odisha_Pattachitara_Depicting_Unconditional_Love_between_Radha_Krushna.jpg?utm_source=en.wikipedia.org&utm_campaign=api&utm_content=original,GI,"Discover the vibrant heritage of Puri, Odisha, through the captivating artistry of Orissa Pattachitra. This cherished traditional handicraft holds a prestigious Geographical Indication (GI) registration, celebrating its authentic local roots and exceptional cultural value. Let this officially recognized masterpiece invite you into a timeless world of Indian craftsmanship during your travels."
Lucknow Chikan Craft,Handicraft,Uttar Pradesh,Lucknow,"Geographical Indication (GI) registered traditional handicraft of Uttar Pradesh, officially recognised under India's GI Registry (ipindia.gov.in).",26.846700,80.946200,https://upload.wikimedia.org/wikipedia/commons/0/06/Craft_Artisans_of_India_02.jpg?utm_source=en.wikipedia.org&utm_campaign=api&utm_content=original,GI,"Discover the timeless artistry of the Lucknow Chikan Craft, a cherished traditional handicraft of Uttar Pradesh. Officially recognized under India's Geographical Indication Registry, this unique craft represents the authentic heritage and soul of the region. We invite you to experience this celebrated local tradition firsthand and bring home a genuine piece of Lucknow's living history."
Mainpuri Tarkashi,Handicraft,Uttar Pradesh,Mainpuri,"Geographical Indication (GI) registered traditional handicraft of Uttar Pradesh, officially recognised under India's GI Registry (ipindia.gov.in).",27.233300,79.016700,https://handicrafts.nic.in/crafts/All_Crafts/Craft_Categories/Metal/Other_Metal/Mainpuri_Tarkashi/Image_Gallery/MaiTar_I01.png,GI,"Discover the timeless elegance of Mainpuri Tarkashi, a treasured traditional handicraft born in the heart of Mainpuri, Uttar Pradesh. Officially recognized as a Geographical Indication (GI) craft, this exquisite art form represents a unique and protected piece of India's rich cultural heritage. Let yourself be captivated by this local masterpiece and experience the authentic artistry that makes Uttar Pradesh so special."
Thanjavur Art Plate,Handicraft,Tamil Nadu,Thanjavur,"Geographical Indication (GI) registered traditional handicraft of Tamil Nadu, officially recognised under India's GI Registry (ipindia.gov.in).",10.787000,79.137800,https://upload.wikimedia.org/wikipedia/commons/e/ec/Tanjore_Plate_V1.jpg?utm_source=en.wikipedia.org&utm_campaign=api&utm_content=original,GI,"Discover the timeless elegance of the Thanjavur Art Plate, a treasured traditional handicraft deeply rooted in the heritage of Thanjavur, Tamil Nadu. As an officially registered Geographical Indication (GI) craft, each stunning piece represents the authentic artistry and soul of this historic region. Bring home a magnificent token of your travels that beautifully captures the cultural essence of South India."
Kondapalli Bommalu,Handicraft,Andhra Pradesh,NTR (Vijaywada),"Geographical Indication (GI) registered traditional handicraft of Andhra Pradesh, officially recognised under India's GI Registry (ipindia.gov.in).",16.616700,80.533300,https://upload.wikimedia.org/wikipedia/commons/e/e8/Kondapalli_killa_18.jpg?utm_source=en.wikipedia.org&utm_campaign=api&utm_content=original,GI,"Discover the charm of Kondapalli Bommalu, a treasured traditional handicraft from the NTR district of Vijayawada, Andhra Pradesh. Officially recognized under India's GI Registry, this unique Geographical Indication craft represents the authentic heritage and artistry of the region. Bring home a piece of this local legacy as a beautiful keepsake from your journey through Andhra Pradesh."
Nicobari Canoe - Hodi Craft of Andaman & Nicobar,Handicraft,Andaman and Nicobar Islands,,"Geographical Indication (GI) registered traditional handicraft of Andaman and Nicobar Islands, officially recognised under India's GI Registry (ipindia.gov.in).",11.623400,92.726500,https://www.drishtiias.com/images/uploads/1669022348_Nicobari_hodi_Drishti_IAS_English.png,GI,"Discover the vibrant heritage of the Andaman and Nicobar Islands through the legendary Hodi, a traditional Nicobari canoe. This exceptional handicraft is officially recognized with a Geographical Indication tag, honoring the unique artistry and cultural history of the islands. Let this iconic craft connect you to the authentic spirit of your island getaway."
Nicobari Mat (Chatrai / Hileuoi) of Andaman & Nicobar,Handicraft,Andaman and Nicobar Islands,,"Geographical Indication (GI) registered traditional handicraft of Andaman and Nicobar Islands, officially recognised under India's GI Registry (ipindia.gov.in).",11.623400,92.726500,https://www.myindianproducts.com/images/gi_products/nicobari_mats_nicobar_islands.jpg,GI,"Discover the rich cultural heritage of the Andaman and Nicobar Islands through the exquisite Nicobari Mat, known locally as Chatrai or Hileuoi. This cherished traditional handicraft is officially recognized with a prestigious Geographical Indication (GI) tag, celebrating its deep roots in the region's history. It is the perfect authentic keepsake to connect you to the artistic soul of these beautiful tropical islands."
Padauk Wood Craft of Andaman & Nicobar,Handicraft,Andaman and Nicobar Islands,,"Geographical Indication (GI) registered traditional handicraft of Andaman and Nicobar Islands, officially recognised under India's GI Registry (ipindia.gov.in).",11.623400,92.726500,https://upload.wikimedia.org/wikipedia/commons/f/f8/Intsia_bijuga.jpg?utm_source=en.wikipedia.org&utm_campaign=api&utm_content=original,GI,"Bring home a piece of the Andaman and Nicobar Islands' rich heritage with the beautiful Padauk Wood Craft, a traditional handicraft officially recognized with a prestigious Geographical Indication (GI) status. This unique art form captures the authentic spirit of the islands, making it the perfect, meaningful keepsake to remember your journey. Discover this cherished local craft and connect with the timeless traditions of the islands."
Nicobari Hut of Andaman & Nicobar,Handicraft,Andaman and Nicobar Islands,,"Geographical Indication (GI) registered traditional handicraft of Andaman and Nicobar Islands, officially recognised under India's GI Registry (ipindia.gov.in).",11.623400,92.726500,https://upload.wikimedia.org/wikipedia/commons/3/3d/Nicobari_hut_model-1-samudrika_museum-andaman-India.jpg?utm_source=commons.wikimedia.org&utm_campaign=imageinfo&utm_content=original,GI,"Discover the rich heritage of the Andaman and Nicobar Islands through the Nicobari Hut, a traditional handicraft officially recognized with a prestigious Geographical Indication (GI) tag. This unique creation beautifully captures the timeless craftsmanship and cultural spirit of the islands. It is the perfect, certified keepsake to remind you of your travels and connect you to the local history of this beautiful region."
Srikalahasthi Kalamkari,Handicraft,Andhra Pradesh,,"Geographical Indication (GI) registered traditional handicraft of Andhra Pradesh, officially recognised under India's GI Registry (ipindia.gov.in).",13.750000,79.700000,https://upload.wikimedia.org/wikipedia/commons/7/7d/Kalamkari_painting.jpg?utm_source=en.wikipedia.org&utm_campaign=api&utm_content=original,GI,"Discover the captivating beauty of Srikalahasthi Kalamkari, a prized traditional handicraft from Andhra Pradesh. Officially registered as a Geographical Indication (GI) craft, this unique art form carries the authentic heritage of its region in every detail. We invite you to explore this certified masterpiece and experience one of India's true cultural treasures."
Budithi Bell & Brass Metal Craft,Handicraft,Andhra Pradesh,,"Geographical Indication (GI) registered traditional handicraft of Andhra Pradesh, officially recognised under India's GI Registry (ipindia.gov.in).",18.533300,83.900000,https://static.india.gov.in/npiprod/odop/uploads/budithi_bell_and_brass_metal_craft_d7fb2e658d.webp,GI,"Step into the rich heritage of Andhra Pradesh with the Budithi Bell and Brass Metal Craft, a cherished tradition officially recognized under India's Geographical Indication Registry. Each exquisite piece showcases the incredible skill of local artisans, transforming metal into a timeless symbol of cultural pride. Let the authentic charm of this unique craft inspire your journey and connect you with the region's living history."
Machilipatnam Kalamkari,Handicraft,Andhra Pradesh,,"Geographical Indication (GI) registered traditional handicraft of Andhra Pradesh, officially recognised under India's GI Registry (ipindia.gov.in).",16.187500,81.138900,https://upload.wikimedia.org/wikipedia/commons/f/ff/Kalamkari_painting_of_Lord_Vishnu_on_serpent_Ananta.jpg?utm_source=en.wikipedia.org&utm_campaign=api&utm_content=original,GI,"Step into the vibrant world of Machilipatnam Kalamkari, a cherished traditional handicraft from the heart of Andhra Pradesh. This exquisite art form holds a special place in India's heritage, officially recognized with a prestigious Geographical Indication (GI) status. Explore this celebrated local treasure and let its unique cultural legacy inspire your travels."
Andhra Pradesh Leather Puppetry,Handicraft,Andhra Pradesh,,"Geographical Indication (GI) registered traditional handicraft of Andhra Pradesh, officially recognised under India's GI Registry (ipindia.gov.in).",16.506200,80.648000,https://upload.wikimedia.org/wikipedia/commons/c/ca/Swanage_Punch_%26_Judy.JPG?utm_source=en.wikipedia.org&utm_campaign=api&utm_content=original,GI,"Discover the enchanting world of Andhra Pradesh Leather Puppetry, a cherished traditional handicraft officially recognized with a Geographical Indication tag. This unique art form showcases the rich cultural heritage of the region through beautifully crafted leather puppets. Add a touch of wonder to your journey as you explore this celebrated Indian craft and experience its timeless beauty firsthand."
Uppada Jamdani Sarees,Handicraft,Andhra Pradesh,,"Geographical Indication (GI) registered traditional handicraft of Andhra Pradesh, officially recognised under India's GI Registry (ipindia.gov.in).",16.933300,82.333300,https://upload.wikimedia.org/wikipedia/commons/6/67/%E0%A6%9C%E0%A6%BE%E0%A6%AE%E0%A6%A6%E0%A6%BE%E0%A6%A8%E0%A7%80_%E0%A6%B6%E0%A6%BE%E0%A6%A1%E0%A6%BC%E0%A7%80.jpg?utm_source=en.wikipedia.org&utm_campaign=api&utm_content=original,GI,"Step into the mesmerizing world of Uppada Jamdani Sarees, a cherished traditional handicraft born in Andhra Pradesh. Officially recognized under India's Geographical Indication (GI) Registry, this exquisite textile art represents a unique piece of the region's cultural heritage. Discover the beauty of these authentic creations and let their timeless elegance weave its way into your travel memories."
Venkatagiri Sarees,Handicraft,Andhra Pradesh,,"Geographical Indication (GI) registered traditional handicraft of Andhra Pradesh, officially recognised under India's GI Registry (ipindia.gov.in).",13.966700,79.583300,https://upload.wikimedia.org/wikipedia/commons/f/f2/Hand_loom_in_Devikapuram.jpg?utm_source=en.wikipedia.org&utm_campaign=api&utm_content=original,GI,"Discover the charm of Venkatagiri Sarees, a cherished traditional handicraft that represents the rich heritage of Andhra Pradesh. This beautiful creation is officially recognized as a Geographical Indication product, ensuring you experience an authentic piece of the region's unique artistry. We invite you to explore this treasured craft and let its timeless story enrich your journey."
Mangalagiri Sarees And Fabrics,Handicraft,Andhra Pradesh,,"Geographical Indication (GI) registered traditional handicraft of Andhra Pradesh, officially recognised under India's GI Registry (ipindia.gov.in).",16.433300,80.550000,https://upload.wikimedia.org/wikipedia/commons/c/c0/Mangalagiri_town.jpg?utm_source=en.wikipedia.org&utm_campaign=api&utm_content=original,GI,"Discover the beautiful heritage of Andhra Pradesh through the exquisite Mangalagiri Sarees and Fabrics. This traditional handicraft is officially recognized with a Geographical Indication (GI) registration, celebrating its authentic and unique regional craftsmanship. It is the perfect cultural treasure to seek out and admire during your travels through the region."
Bobbili Veena,Handicraft,Andhra Pradesh,,"Geographical Indication (GI) registered traditional handicraft of Andhra Pradesh, officially recognised under India's GI Registry (ipindia.gov.in).",18.566700,83.366700,https://upload.wikimedia.org/wikipedia/commons/4/45/Bobbili_Veena_07.jpg?utm_source=en.wikipedia.org&utm_campaign=api&utm_content=original,GI,"Discover the artistic soul of Andhra Pradesh through the exquisite Bobbili Veena, a cherished traditional handicraft that beautifully captures the region's cultural heritage. Officially recognized under India's Geographical Indication (GI) Registry, this prestigious instrument stands as a true symbol of authentic local craftsmanship. Bring home this beautifully certified treasure and let its timeless legacy connect you to the heart of your journey."
Dharmavaram Handloom Pattu Sarees And Paavadas,Handicraft,Andhra Pradesh,,"Geographical Indication (GI) registered traditional handicraft of Andhra Pradesh, officially recognised under India's GI Registry (ipindia.gov.in).",14.414400,77.718100,https://upload.wikimedia.org/wikipedia/commons/a/a6/%E0%B0%AE%E0%B0%97%E0%B1%8D%E0%B0%97%E0%B0%82_%E0%B0%A8%E0%B1%87%E0%B0%B8%E0%B1%8D%E0%B0%A4%E0%B1%81%E0%B0%A8%E0%B1%8D%E0%B0%A8_%E0%B0%AE%E0%B0%B9%E0%B0%BF%E0%B0%B3._IMG_20200126_145718-01.jpg?utm_source=en.wikipedia.org&utm_campaign=api&utm_content=original,GI,"Discover the incredible artistry of Andhra Pradesh through the renowned Dharmavaram Handloom Pattu Sarees and Paavadas. Officially recognized as a protected Geographical Indication (GI) handicraft, these stunning traditional textiles carry the authentic soul of the region's heritage. Let the beauty of this time-honored handloom craft inspire your journey and connect you with India’s rich cultural legacy."
Durgi Stone Carvings,Handicraft,Andhra Pradesh,,"Geographical Indication (GI) registered traditional handicraft of Andhra Pradesh, officially recognised under India's GI Registry (ipindia.gov.in).",16.433300,79.566700,https://upload.wikimedia.org/wikipedia/commons/e/e6/Maa_Gram_Devi_Temple%2C_Durgi.jpg?utm_source=en.wikipedia.org&utm_campaign=api&utm_content=original,GI,"Welcome to the world of Durgi Stone Carvings, a treasured traditional handicraft from Andhra Pradesh. This exquisite stone art holds a prestigious Geographical Indication status, marking it as an officially recognized masterpiece of regional heritage. Take a moment to admire these beautifully carved creations and discover the authentic spirit of India's artistic legacy."
Udayagiri Wooden Cutlery,Handicraft,Andhra Pradesh,,"Geographical Indication (GI) registered traditional handicraft of Andhra Pradesh, officially recognised under India's GI Registry (ipindia.gov.in).",14.866700,79.316700,https://handicrafts.nic.in/crafts/All_Crafts/Craft_Categories/Wood/Wooden_Artware/Udayagiri_Wooden_Cutlery/Image_Gallery/Uda_1%20%281%29.jpg,GI,"Discover the exquisite charm of Udayagiri Wooden Cutlery, a cherished traditional handicraft originating from the heart of Andhra Pradesh. As an officially recognized Geographical Indication (GI) craft, each beautifully made piece carries a rich legacy of authentic regional artistry. Take home a piece of this unique heritage and let these timeless creations add a touch of traditional elegance to your life."
Allagadda Stone Carving,Handicraft,Andhra Pradesh,,"Geographical Indication (GI) registered traditional handicraft of Andhra Pradesh, officially recognised under India's GI Registry (ipindia.gov.in).",15.150000,78.500000,https://upload.wikimedia.org/wikipedia/commons/9/90/Allagadda_skyline.jpg?utm_source=en.wikipedia.org&utm_campaign=api&utm_content=original,GI,"Step into the rich heritage of Andhra Pradesh and discover the timeless beauty of Allagadda Stone Carving. Officially recognized under India's Geographical Indication registry, this prized traditional handicraft showcases the extraordinary skill of local artisans. We invite you to explore these beautifully carved treasures and bring home a unique piece of India's living history."
Narasapur Crochet Lace Products,Handicraft,Andhra Pradesh,,"Geographical Indication (GI) registered traditional handicraft of Andhra Pradesh, officially recognised under India's GI Registry (ipindia.gov.in).",16.433300,81.700000,https://upload.wikimedia.org/wikipedia/commons/8/85/Crochet_lace_gloves.jpg?utm_source=commons.wikimedia.org&utm_campaign=imageinfo&utm_content=original,GI,"Discover the delicate beauty of Narasapur Crochet Lace, a treasured traditional handicraft from Andhra Pradesh. As an officially recognized Geographical Indication (GI) product, this exquisite lace represents the authentic and registered artistry of the region. It makes for a perfect, timeless keepsake to remember your journey and bring a piece of India’s rich heritage home with you."
Ponduru Khadi,Handicraft,Andhra Pradesh,,"Geographical Indication (GI) registered traditional handicraft of Andhra Pradesh, officially recognised under India's GI Registry (ipindia.gov.in).",18.200000,83.783300,https://upload.wikimedia.org/wikipedia/commons/d/d1/Weaving%2Cponduru%2Cmarch25.png?utm_source=en.wikipedia.org&utm_campaign=api&utm_content=original,GI,"Discover the warmth and heritage of Ponduru Khadi, a cherished traditional handicraft from Andhra Pradesh. As an officially recognized Geographical Indication (GI) craft, this treasured art form represents the authentic soul and living history of the region. Let this beautifully preserved craft weave its way into your travel memories and connect you with India’s timeless traditions."
Idu Mishmi Textiles,Handicraft,Arunachal Pradesh,,"Geographical Indication (GI) registered traditional handicraft of Arunachal Pradesh, officially recognised under India's GI Registry (ipindia.gov.in).",27.084400,93.605300,https://upload.wikimedia.org/wikipedia/commons/6/61/Miju_Mishmi_women_from_Anjaw_district_in_their_traditional_attire.jpg?utm_source=en.wikipedia.org&utm_campaign=api&utm_content=original,GI,"Step into the rich cultural heritage of Arunachal Pradesh through the beautiful artistry of Idu Mishmi Textiles. Officially recognized with Geographical Indication (GI) status, this traditional handicraft is a true symbol of the region's unique identity. Discover these authentic woven treasures on your journey and bring home a piece of India's living history."
Arunachal Pradesh Tangsa Textile Product,Handicraft,Arunachal Pradesh,,"Geographical Indication (GI) registered traditional handicraft of Arunachal Pradesh, officially recognised under India's GI Registry (ipindia.gov.in).",27.084400,93.605300,https://upload.wikimedia.org/wikipedia/commons/7/7b/White%2C_Brown%2C_Red_%26_Wild_rice.jpg?utm_source=en.wikipedia.org&utm_campaign=imageinfo&utm_content=original,GI,"Immerse yourself in the rich cultural heritage of Northeast India with the stunning Tangsa Textile Products of Arunachal Pradesh. As an officially recognized Geographical Indication handicraft, each unique piece is a certified treasure of traditional craftsmanship. Bring home an authentic slice of this beautiful region's living history to cherish forever."
Arunachal Pradesh Handmade Carpet,Handicraft,Arunachal Pradesh,,"Geographical Indication (GI) registered traditional handicraft of Arunachal Pradesh, officially recognised under India's GI Registry (ipindia.gov.in).",27.084400,93.605300,https://upload.wikimedia.org/wikipedia/commons/3/3c/Aadi_people_Home_Arunachal_pradesh.jpg?utm_source=commons.wikimedia.org&utm_campaign=imageinfo&utm_content=original,GI,"Discover the warmth and artistry of Arunachal Pradesh through its magnificent, traditionally woven handmade carpets. Proudly holding a certified Geographical Indication status, this authentic handicraft showcases the timeless heritage and skill unique to the region. Take a piece of this rich cultural story home with you and cherish a true masterpiece of Indian craftsmanship."
Arunachal Pradesh Wancho Wooden Craft,Handicraft,Arunachal Pradesh,,"Geographical Indication (GI) registered traditional handicraft of Arunachal Pradesh, officially recognised under India's GI Registry (ipindia.gov.in).",27.084400,93.605300,https://upload.wikimedia.org/wikipedia/commons/3/3c/Aadi_people_Home_Arunachal_pradesh.jpg?utm_source=commons.wikimedia.org&utm_campaign=imageinfo&utm_content=original,GI,"Discover the rich cultural heritage of Arunachal Pradesh through the exquisite Wancho Wooden Craft, a cherished traditional handicraft. Officially recognized with a prestigious Geographical Indication tag, this unique art form represents the authentic spirit and traditions of the region. Let these beautiful wooden creations capture your imagination as you explore the wonders of the state."
Arunachal Pradesh Apatani Textile,Handicraft,Arunachal Pradesh,,"Geographical Indication (GI) registered traditional handicraft of Arunachal Pradesh, officially recognised under India's GI Registry (ipindia.gov.in).",23.850000,72.116700,https://upload.wikimedia.org/wikipedia/commons/7/71/Donyi_Polo_Airport%2C_Itanagar.jpg?utm_source=en.wikipedia.org&utm_campaign=api&utm_content=original,GI,"Discover the captivating beauty of the Apatani Textile, a cherished traditional handicraft native to Arunachal Pradesh. This beautiful weave is officially recognized with a prestigious Geographical Indication (GI) tag, celebrating its authentic local heritage. Let the warmth of this unique craft welcome you to the rich cultural traditions of the region."
Arunachal Pradesh Monpa Textile,Handicraft,Arunachal Pradesh,,"Geographical Indication (GI) registered traditional handicraft of Arunachal Pradesh, officially recognised under India's GI Registry (ipindia.gov.in).",27.084400,93.605300,https://upload.wikimedia.org/wikipedia/commons/3/3c/Aadi_people_Home_Arunachal_pradesh.jpg?utm_source=commons.wikimedia.org&utm_campaign=imageinfo&utm_content=original,GI,"Discover the rich cultural heritage of Arunachal Pradesh through the beautiful Monpa Textile, a traditional handicraft celebrated for its unique local artistry. This exceptional craft is officially recognized with a Geographical Indication (GI) tag, marking it as a true treasure of the region. Let the story of this authentic Indian handicraft inspire your journey as you explore the vibrant traditions of the northeast."
Arunachal Pradesh Nyishi Textile,Handicraft,Arunachal Pradesh,,"Geographical Indication (GI) registered traditional handicraft of Arunachal Pradesh, officially recognised under India's GI Registry (ipindia.gov.in).",27.084400,93.605300,https://upload.wikimedia.org/wikipedia/commons/7/71/Donyi_Polo_Airport%2C_Itanagar.jpg?utm_source=en.wikipedia.org&utm_campaign=api&utm_content=original,GI,"Wrap yourself in the rich heritage of Arunachal Pradesh with the Nyishi Textile, a prized traditional handicraft that tells the story of the region. This unique textile is officially recognized under India's GI Registry, making it an authentic piece of local culture to cherish. Discover this beautiful craft on your journey and take home a genuine slice of Northeast India's artistic legacy."
Arunachal Pradesh Monpa Handmade Paper,Handicraft,Arunachal Pradesh,,"Geographical Indication (GI) registered traditional handicraft of Arunachal Pradesh, officially recognised under India's GI Registry (ipindia.gov.in).",27.084400,93.605300,https://upload.wikimedia.org/wikipedia/commons/3/3c/Aadi_people_Home_Arunachal_pradesh.jpg?utm_source=commons.wikimedia.org&utm_campaign=imageinfo&utm_content=original,GI,"Discover a beautiful piece of local heritage with Arunachal Pradesh Monpa Handmade Paper, a cherished traditional handicraft from Arunachal Pradesh. This exceptional art form is officially recognized under India's Geographical Indication Registry, celebrating its unique authenticity and regional origin. Let yourself be captivated by this certified cultural treasure that connects you directly to the artistic soul of the region."
Arunachal Pradesh Adi Textile,Handicraft,Arunachal Pradesh,,"Geographical Indication (GI) registered traditional handicraft of Arunachal Pradesh, officially recognised under India's GI Registry (ipindia.gov.in).",27.084400,93.605300,https://upload.wikimedia.org/wikipedia/commons/0/01/Portrait_of_Adi_Tribals_from_Arunachal_Pradesh.jpg?utm_source=en.wikipedia.org&utm_campaign=api&utm_content=original,GI,"Wrap yourself in the vibrant heritage of Arunachal Pradesh with the exquisite Adi Textile, a treasured traditional handicraft deeply rooted in local culture. Officially recognized with a prestigious Geographical Indication (GI) status, this authentic weave represents the true artistic spirit of the region. Discover these beautiful creations on your journey and take home a genuine piece of Indian heritage."
Arunachal Pradesh Galo Textile,Handicraft,Arunachal Pradesh,,"Geographical Indication (GI) registered traditional handicraft of Arunachal Pradesh, officially recognised under India's GI Registry (ipindia.gov.in).",27.084400,93.605300,https://upload.wikimedia.org/wikipedia/commons/7/71/Donyi_Polo_Airport%2C_Itanagar.jpg?utm_source=en.wikipedia.org&utm_campaign=api&utm_content=original,GI,"Welcome to the rich heritage of Arunachal Pradesh with the exquisite Galo Textile, a traditional handicraft officially recognized with Geographical Indication protection. This unique art form captures the cultural essence of the region, making it a truly special keepsake for your journey. Explore this beautiful textile and carry a piece of authentic Indian craftsmanship home with you."
Arunachal Pradesh Tai Khamti Textile,Handicraft,Arunachal Pradesh,,"Geographical Indication (GI) registered traditional handicraft of Arunachal Pradesh, officially recognised under India's GI Registry (ipindia.gov.in).",27.084400,93.605300,https://upload.wikimedia.org/wikipedia/commons/7/7b/White%2C_Brown%2C_Red_%26_Wild_rice.jpg?utm_source=en.wikipedia.org&utm_campaign=imageinfo&utm_content=original,GI,"Immerse yourself in the rich heritage of Northeast India with the stunning Tai Khamti Textile, a cherished traditional handicraft from Arunachal Pradesh. This exquisite art form carries the prestigious Geographical Indication (GI) status, marking it as a truly authentic treasure of the region's cultural identity. Discover the beauty of this unique craft and take home a genuine piece of living Indian tradition."
Muga Silk of Assam,Handicraft,Assam,,"Geographical Indication (GI) registered traditional handicraft of Assam, officially recognised under India's GI Registry (ipindia.gov.in).",26.144500,91.736200,https://upload.wikimedia.org/wikipedia/commons/c/c0/Assamese_Muga_With_Japi.jpg?utm_source=en.wikipedia.org&utm_campaign=api&utm_content=original,GI,"Muga Silk of Assam, a Geographical Indication‑registered traditional handicraft, is officially recognized in India's GI Registry, reflecting the state's proud weaving legacy. Experience the exquisite craftsmanship that has been passed down through generations, making each piece a living expression of Assamese culture."
Gamosa of Assam,Handicraft,Assam,,"Geographical Indication (GI) registered traditional handicraft of Assam, officially recognised under India's GI Registry (ipindia.gov.in).",26.144500,91.736200,https://commons.wikimedia.org/wiki/Special:Redirect/file/Gamosa_of_Assam.jpg,GI,"The Gamosa of Assam is a beautifully woven, traditional cloth that carries the spirit of the region in every thread, proudly recognized with a Geographical Indication (GI) tag. Its simple elegance and vibrant patterns make it a beloved everyday accessory and a cherished souvenir, inviting you to wrap yourself in Assam’s rich cultural heritage."
Majuli Mask of Assam,Handicraft,Assam,,"Geographical Indication (GI) registered traditional handicraft of Assam, officially recognised under India's GI Registry (ipindia.gov.in).",26.950000,94.183300,"https://commons.wikimedia.org/wiki/Special:Redirect/file/A_mask_at_Majuli,_Assam.jpg",GI,"Discover the vibrant Majuli Mask of Assam, a beautifully crafted traditional handicraft that carries the spirit of the island’s rich cultural heritage. Proudly protected under India’s Geographical Indication registry, each mask showcases the intricate artistry and timeless charm that make Assam’s craft traditions truly unforgettable."
Assam Majuli Manuscript Painting,Handicraft,Assam,,"Geographical Indication (GI) registered traditional handicraft of Assam, officially recognised under India's GI Registry (ipindia.gov.in).",26.950000,94.183300,https://upload.wikimedia.org/wikipedia/commons/4/4a/A_manuscript_painting_from_Brihat_Usaharan%2C_an_assamese_manuscript_painting_from_Budhbari_Satra.jpg?utm_source=en.wikipedia.org&utm_campaign=api&utm_content=original,GI,"Discover the vibrant world of Assam Majuli Manuscript Painting, a cherished traditional art form from the serene island of Majuli that proudly carries a Geographical Indication (GI) tag. Each hand‑crafted masterpiece bursts with intricate motifs and rich cultural stories, inviting you to experience the timeless beauty of Assam’s artistic heritage. Let these exquisite paintings inspire your journey and bring a piece of Majuli’s legacy home with you."
Bodo Aronai,Handicraft,Assam,,"Geographical Indication (GI) registered traditional handicraft of Assam, officially recognised under India's GI Registry (ipindia.gov.in).",26.144500,91.736200,https://commons.wikimedia.org/wiki/Special:Redirect/file/ARONAI.jpg,GI,"Discover the vibrant artistry of Bodo Aronai, a traditional handicraft from Assam proudly protected by a Geographical Indication registration. Each piece reflects the region’s rich cultural heritage, offering travelers a genuine taste of Assamese craftsmanship that’s officially recognized across India."
Bodo Dokhona,Handicraft,Assam,,"Geographical Indication (GI) registered traditional handicraft of Assam, officially recognised under India's GI Registry (ipindia.gov.in).",26.144500,91.736200,https://upload.wikimedia.org/wikipedia/commons/3/36/Bodo_dance.jpg?utm_source=en.wikipedia.org&utm_campaign=api&utm_content=original,GI,"Discover the vibrant Bodo Dokhona, a cherished traditional handicraft from Assam that proudly carries a Geographical Indication (GI) tag, celebrating its authentic roots. Each piece reflects the skillful artistry of local artisans, offering visitors a colorful glimpse into the region’s cultural heritage. Let the intricate designs and rich textures of Bodo Dokhona inspire your journey through Assam’s timeless craftsmanship."
Bodo Eri Silk,Handicraft,Assam,,"Geographical Indication (GI) registered traditional handicraft of Assam, officially recognised under India's GI Registry (ipindia.gov.in).",26.144500,91.736200,https://upload.wikimedia.org/wikipedia/commons/c/c0/Assamese_Muga_With_Japi.jpg?utm_source=en.wikipedia.org&utm_campaign=api&utm_content=original,GI,"Discover the exquisite Bodo Eri Silk, a cherished traditional handicraft of Assam that proudly carries a Geographical Indication (GI) registration, marking its unique cultural heritage. Each piece reflects the timeless artistry of local weavers, offering visitors a vibrant glimpse into the region’s rich textile legacy."
Bodo Jwmgra,Handicraft,Assam,,"Geographical Indication (GI) registered traditional handicraft of Assam, officially recognised under India's GI Registry (ipindia.gov.in).",26.144500,91.736200,https://upload.wikimedia.org/wikipedia/commons/3/36/Bodo_dance.jpg?utm_source=en.wikipedia.org&utm_campaign=api&utm_content=original,GI,"Discover the vibrant artistry of Bodo Jwmgra, a traditional handicraft from Assam that proudly carries a Geographical Indication (GI) registration, marking its unique cultural heritage. Each piece reflects the skill and spirit of local artisans, offering visitors a genuine taste of Assam’s rich craft tradition. Feel the warmth of the region’s creativity as you explore this celebrated, officially recognised treasure."
Bodo Gamsa,Handicraft,Assam,,"Geographical Indication (GI) registered traditional handicraft of Assam, officially recognised under India's GI Registry (ipindia.gov.in).",26.144500,91.736200,https://upload.wikimedia.org/wikipedia/commons/6/64/Certificate_to_Appoint_Yi_Sa-myeong_as_Jeolla_Gamsa_%28Provincial_governor_of_Jeolla-do%29.jpg?utm_source=commons.wikimedia.org&utm_campaign=imageinfo&utm_content=original,GI,"Discover the vibrant artistry of Bodo Gamsa, a cherished traditional handicraft from Assam that proudly carries a Geographical Indication (GI) registration, marking its authentic cultural heritage. Each piece reflects the skill and spirit of local artisans, inviting you to bring a touch of Assam’s rich craftsmanship into your own story."
Bodo Thorkha,Handicraft,Assam,,"Geographical Indication (GI) registered traditional handicraft of Assam, officially recognised under India's GI Registry (ipindia.gov.in).",26.144500,91.736200,https://handicrafts.nic.in/crafts/All_Crafts/Craft_Categories/Miscellaneous/Music_Instruments/Bodo_Thorkha/Image_Gallery/Bod_I01.png,GI,"Discover the vibrant artistry of Bodo Thorkha, a cherished traditional handicraft from Assam that proudly carries a Geographical Indication (GI) registration. Each piece reflects the region’s rich cultural heritage, inviting you to hold a slice of authentic Assamese craftsmanship in your hands. Explore this unique treasure and feel the timeless spirit of Assam come alive."
Bodo Kham,Handicraft,Assam,,"Geographical Indication (GI) registered traditional handicraft of Assam, officially recognised under India's GI Registry (ipindia.gov.in).",26.144500,91.736200,https://upload.wikimedia.org/wikipedia/commons/5/59/A_Bodo_community_member_playing_kham.jpg?utm_source=commons.wikimedia.org&utm_campaign=imageinfo&utm_content=original,GI,"Discover the vibrant artistry of Bodo Kham, a traditional handicraft from Assam proudly protected by a Geographical Indication registration. Each piece reflects the region’s rich cultural heritage, offering visitors a unique glimpse into the skill and creativity of local artisans. Explore this celebrated craft and take home a piece of Assam’s living tradition."
Bodo Serja,Handicraft,Assam,,"Geographical Indication (GI) registered traditional handicraft of Assam, officially recognised under India's GI Registry (ipindia.gov.in).",26.144500,91.736200,https://upload.wikimedia.org/wikipedia/commons/6/6e/Statue_of_a_man_playing_Serja%2C_traditional_Bodo_musical_instrument%2C_at_Bodofa_cultural_complex%2C_Kokrajhar%2C_Assam.jpg?utm_source=commons.wikimedia.org&utm_campaign=imageinfo&utm_content=original,GI,"Discover the vibrant artistry of Bodo Serja, a traditional handicraft from Assam proudly recognized with a Geographical Indication (GI) registration. Each piece reflects the rich cultural heritage of the region, inviting you to bring home a touch of authentic Assamese craftsmanship. Feel the warmth of centuries‑old tradition woven into every stitch."
Bodo Sifung,Handicraft,Assam,,"Geographical Indication (GI) registered traditional handicraft of Assam, officially recognised under India's GI Registry (ipindia.gov.in).",26.144500,91.736200,https://upload.wikimedia.org/wikipedia/commons/a/aa/Traditional_Bagurumba_Bodo_dance_01.jpg?utm_source=commons.wikimedia.org&utm_campaign=imageinfo&utm_content=original,GI,"Discover the vibrant artistry of Bodo Sifung, a cherished traditional handicraft from Assam that proudly carries a Geographical Indication (GI) registration, marking its authentic cultural heritage. As you explore its intricate designs and skilled craftsmanship, you’ll feel the heart of Assam’s rich traditions woven into every piece, inviting you to take a piece of this living legacy home."
Bodo Gongona,Handicraft,Assam,,"Geographical Indication (GI) registered traditional handicraft of Assam, officially recognised under India's GI Registry (ipindia.gov.in).",26.144500,91.736200,https://handicrafts.nic.in/crafts/All_Crafts/Craft_Categories/Miscellaneous/Music_Instruments/Bodo_Gongona/Image_Gallery/Gog_I01.png,GI,"Discover the vibrant artistry of Bodo Gongona, a traditional handicraft from Assam that proudly carries a Geographical Indication (GI) registration, marking its unique cultural heritage. Each piece reflects the skillful hands of local artisans, offering you a genuine taste of Assam’s rich craft legacy."
Bodo Jotha,Handicraft,Assam,,"Geographical Indication (GI) registered traditional handicraft of Assam, officially recognised under India's GI Registry (ipindia.gov.in).",26.144500,91.736200,https://upload.wikimedia.org/wikipedia/commons/1/10/Boro_bwisagu_dance.jpg?utm_source=en.wikipedia.org&utm_campaign=api&utm_content=original,GI,"Discover the vibrant artistry of Bodo Jotha, a cherished traditional handicraft from Assam that proudly carries a Geographical Indication (GI) registration. Each piece reflects generations of skill and cultural pride, offering visitors a tangible glimpse into the region’s rich heritage. Explore the intricate designs and feel the warmth of Assam’s craftsmanship in every handcrafted treasure."
Assam Jaapi,Handicraft,Assam,,"Geographical Indication (GI) registered traditional handicraft of Assam, officially recognised under India's GI Registry (ipindia.gov.in).",26.144500,91.736200,https://upload.wikimedia.org/wikipedia/commons/f/fe/Beauty_of_Kaziranga_National_Park.jpg?utm_source=en.wikipedia.org&utm_campaign=api&utm_content=original,GI,"Discover the Assam Jaapi, a cherished traditional handicraft from the heart of Assam that proudly carries a Geographical Indication tag. Its timeless design and skilled craftsmanship reflect the region’s rich cultural heritage, making it a delightful keepsake for any traveler. Spotting a Jaapi in the bustling markets feels like holding a piece of Assam’s living tradition in your hands."
Assam Asharikandi Terracotta Craft,Handicraft,Assam,,"Geographical Indication (GI) registered traditional handicraft of Assam, officially recognised under India's GI Registry (ipindia.gov.in).",26.144500,91.736200,https://upload.wikimedia.org/wikipedia/commons/7/7f/Terracotta_of_Asharikandi%2C_Dhubri%2C_Assam_%2858%29.jpg?utm_source=en.wikipedia.org&utm_campaign=api&utm_content=original,GI,"Discover the timeless charm of Assam’s Asharikandi Terracotta Craft, a beautifully hand‑molded art form that has earned Geographical Indication status for its authentic regional heritage. Each earthy piece—whether a graceful vase, a delicate figurine, or a functional bowl—carries the skill and stories of Assamese artisans, inviting you to bring a touch of this cultural legacy into your own home."
Assam Bihu Dhol,Handicraft,Assam,,"Geographical Indication (GI) registered traditional handicraft of Assam, officially recognised under India's GI Registry (ipindia.gov.in).",26.144500,91.736200,https://upload.wikimedia.org/wikipedia/commons/b/bf/Dhuliya_performing_in_an_open_stage_bihu.jpg?utm_source=en.wikipedia.org&utm_campaign=api&utm_content=original,GI,"Feel the rhythm of Assam with the Assam Bihu Dhol, a beautifully crafted drum that carries the spirit of the region’s vibrant festivals. This GI‑registered masterpiece showcases skilled local artisanship, inviting you to experience the heartbeat of Assamese culture with every resonant beat."
Assam Pani Meteka Craft,Handicraft,Assam,,"Geographical Indication (GI) registered traditional handicraft of Assam, officially recognised under India's GI Registry (ipindia.gov.in).",26.144500,91.736200,https://upload.wikimedia.org/wikipedia/commons/8/89/%E0%A6%86%E0%A6%A4%E0%A7%8D%E0%A6%AE%E0%A6%B8%E0%A6%B9%E0%A6%BE%E0%A6%AF%E0%A6%BC%E0%A6%95_%E0%A6%97%E0%A7%8B%E0%A6%9F%E0%A7%87_%E0%A6%A4%E0%A7%88%E0%A6%AF%E0%A6%BC%E0%A6%BE%E0%A7%B0_%E0%A6%95%E0%A7%B0%E0%A6%BE_%E0%A6%AA%E0%A6%BE%E0%A6%A8%E0%A7%80_%E0%A6%AE%E0%A7%87%E0%A6%9F%E0%A7%87%E0%A6%95%E0%A6%BE%E0%A7%B0_%E0%A6%95%E0%A6%B2%E0%A6%AE%E0%A6%A6%E0%A6%BE%E0%A6%A8%E0%A6%BF.jpg?utm_source=en.wikipedia.org&utm_campaign=api&utm_content=original,GI,"Discover the vibrant Assam Pani Meteka Craft, a cherished traditional art of Assam that has earned Geographical Indication status, proudly listed in India's GI Registry. Each piece reflects the region’s rich cultural heritage, inviting you to take home a slice of authentic Assamese craftsmanship."
Sarthebari Metal Craft,Handicraft,Assam,,"Geographical Indication (GI) registered traditional handicraft of Assam, officially recognised under India's GI Registry (ipindia.gov.in).",26.433300,91.283300,https://upload.wikimedia.org/wikipedia/commons/b/b4/%E0%A6%AC%E0%A6%BE%E0%A6%A3%E0%A6%AC%E0%A6%BE%E0%A6%A4%E0%A6%BF.JPG?utm_source=en.wikipedia.org&utm_campaign=api&utm_content=original,GI,"Discover the gleaming artistry of Sarthebari Metal Craft, a treasured tradition from Assam that proudly carries a Geographical Indication tag. Each handcrafted piece reflects generations of skill, turning simple metal into elegant, timeless designs that capture the spirit of the region. Experience the sparkle of authentic Assamese heritage in every delicate detail."
Axomiya Gohona Assamese Jewellery,Handicraft,Assam,,"Geographical Indication (GI) registered traditional handicraft of Assam, officially recognised under India's GI Registry (ipindia.gov.in).",26.144500,91.736200,https://upload.wikimedia.org/wikipedia/commons/a/a2/Priyakshee_Kataky.jpg?utm_source=en.wikipedia.org&utm_campaign=api&utm_content=original,GI,"Discover the radiant allure of Axomiya Gohona Assamese Jewellery, a GI‑registered treasure that captures the timeless elegance of Assam’s cultural heritage. Handcrafted with meticulous care, each piece reflects the region’s vibrant artistry, inviting you to wear a slice of tradition wherever you go."
Applique Khatwa Work of Bihar,Handicraft,Bihar,,"Geographical Indication (GI) registered traditional handicraft of Bihar, officially recognised under India's GI Registry (ipindia.gov.in).",25.594100,85.137600,https://handicrafts.nic.in/crafts/All_Crafts/Craft_Categories/Textile/Embroidery/Applique_%28Khatwa%29_Work_of_Bihar/Image_Gallery/AppKha_01.png,GI,"Discover the vibrant Applique Khatwa Work of Bihar—a beautifully crafted, traditional art form proudly protected by a Geographical Indication registration. Each piece showcases the skillful handwork and cultural richness that define Bihar’s heritage, inviting you to take home a slice of authentic Indian craftsmanship."
Sujini Embroidery Work of Bihar,Handicraft,Bihar,,"Geographical Indication (GI) registered traditional handicraft of Bihar, officially recognised under India's GI Registry (ipindia.gov.in).",25.594100,85.137600,https://upload.wikimedia.org/wikipedia/commons/7/74/Stamp_of_India_-_2019_-_Colnect_924655_-_Sujani_Embroidery.jpeg?utm_source=commons.wikimedia.org&utm_campaign=imageinfo&utm_content=original,GI,"Discover the exquisite Sujini Embroidery Work of Bihar, a cherished traditional craft proudly protected by a Geographical Indication registration. Each stitch reflects the vibrant heritage of Bihar, offering travelers a glimpse into the region’s artistic soul through its intricate, hand‑crafted designs. Let this colorful artistry inspire your journey and bring a piece of Bihar’s culture home with you."
Sikki Grass Products of Bihar,Handicraft,Bihar,,"Geographical Indication (GI) registered traditional handicraft of Bihar, officially recognised under India's GI Registry (ipindia.gov.in).",25.594100,85.137600,https://upload.wikimedia.org/wikipedia/commons/8/85/The_tableau_of_Bihar_on_the_theme_%E2%80%98Sikki_Grass_Craft_of_Bihar%E2%80%99_passes_through_the_Rajpath_during_the_full_dress_rehearsal_for_the_Republic_Day_Parade-2013%2C_in_New_Delhi_on_January_23%2C_2013.jpg?utm_source=commons.wikimedia.org&utm_campaign=imageinfo&utm_content=original,GI,"Discover the vibrant charm of Sikki Grass Products, a traditional handicraft from Bihar proudly protected by a Geographical Indication registration. Each hand‑woven piece—whether a basket, mat or decorative item—captures the region’s rich cultural heritage and the skill of local artisans, inviting you to take home a piece of authentic Indian craftsmanship."
Bhagalpur Silk,Handicraft,Bihar,,"Geographical Indication (GI) registered traditional handicraft of Bihar, officially recognised under India's GI Registry (ipindia.gov.in).",25.242500,86.984200,https://upload.wikimedia.org/wikipedia/commons/2/26/Stamp_of_India_-_2018_-_Colnect_802136_-_Traditional_Handloom_Textiles_-_Bhagalpur_Silk.jpeg?utm_source=en.wikipedia.org&utm_campaign=api&utm_content=original,GI,"Discover the shimmering elegance of Bhagalpur Silk, a cherished traditional handicraft from Bihar that proudly carries a Geographical Indication (GI) registration. Each hand‑woven piece reflects the region’s rich heritage and meticulous craftsmanship, inviting you to experience the timeless beauty woven into every thread. Let the lustrous fabrics of Bhagalpur inspire your journey through India’s vibrant cultural tapestry."
Manjusha Art,Handicraft,Bihar,,"Geographical Indication (GI) registered traditional handicraft of Bihar, officially recognised under India's GI Registry (ipindia.gov.in).",25.594100,85.137600,https://upload.wikimedia.org/wikipedia/en/4/44/Manjusha.jpg?utm_source=en.wikipedia.org&utm_campaign=api&utm_content=original,GI,"Discover the vibrant world of Manjusha Art, a cherished traditional handicraft from Bihar that proudly carries a Geographical Indication (GI) registration. Its bold, intricate motifs and lively colors bring centuries‑old stories to life, inviting you to explore the rich cultural tapestry of the region. Let this unique art form inspire your journey and add a splash of Bihar’s heritage to your travel memories."
Bastar Iron Craft,Handicraft,Chhattisgarh,,"Geographical Indication (GI) registered traditional handicraft of Chhattisgarh, officially recognised under India's GI Registry (ipindia.gov.in).",19.107100,81.954100,https://upload.wikimedia.org/wikipedia/commons/7/72/Chitrakot_watter_fall2.JPG?utm_source=en.wikipedia.org&utm_campaign=api&utm_content=original,GI,"Discover the timeless allure of Bastar Iron Craft, a GI‑registered treasure from the heart of Chhattisgarh, where skilled artisans transform raw iron into intricate, hand‑forged masterpieces. Each piece reflects centuries‑old traditions, inviting you to hold a slice of living heritage and bring home a story of skill, culture, and enduring beauty."
Bastar Dhokra,Handicraft,Chhattisgarh,,"Geographical Indication (GI) registered traditional handicraft of Chhattisgarh, officially recognised under India's GI Registry (ipindia.gov.in).",19.107100,81.954100,https://upload.wikimedia.org/wikipedia/commons/7/72/Chitrakot_watter_fall2.JPG?utm_source=en.wikipedia.org&utm_campaign=api&utm_content=original,GI,"Discover the enchanting world of Bastar Dhokra, a traditional metal handicraft from Chhattisgarh that shines with timeless artistry. Proudly bearing a Geographical Indication tag, this beautifully crafted treasure is officially recognized across India, inviting you to experience the rich cultural heritage behind every piece."
Bastar Wooden Craft,Handicraft,Chhattisgarh,,"Geographical Indication (GI) registered traditional handicraft of Chhattisgarh, officially recognised under India's GI Registry (ipindia.gov.in).",19.107100,81.954100,https://upload.wikimedia.org/wikipedia/commons/3/30/022a-bastar_ladies_all_togather.jpg?utm_source=en.wikipedia.org&utm_campaign=api&utm_content=original,GI,"Discover the timeless charm of Bastar Wooden Craft, a GI‑registered treasure from the heart of Chhattisgarh that brings centuries‑old artistry to life in every intricately carved piece. Each handcrafted masterpiece reflects the region’s rich cultural heritage, inviting you to take home a slice of authentic Indian tradition."
Champa Silk Saree And Fabrics,Handicraft,Chhattisgarh,,"Geographical Indication (GI) registered traditional handicraft of Chhattisgarh, officially recognised under India's GI Registry (ipindia.gov.in).",21.966700,82.650000,https://upload.wikimedia.org/wikipedia/commons/c/c0/Assamese_Muga_With_Japi.jpg?utm_source=en.wikipedia.org&utm_campaign=imageinfo&utm_content=original,GI,"Step into the vibrant world of Chhattisgarh's Champa Silk Sarees, a GI‑registered treasure that weaves centuries‑old artistry into every shimmering thread. Each fabric tells a story of local craftsmanship, inviting you to drape yourself in the region’s rich cultural heritage."
Sankheda Furniture,Handicraft,Gujarat,,"Geographical Indication (GI) registered traditional handicraft of Gujarat, officially recognised under India's GI Registry (ipindia.gov.in).",22.150000,73.583300,https://upload.wikimedia.org/wikipedia/commons/3/31/Sankheda_furniture_in_a_living_room_setting.jpg?utm_source=en.wikipedia.org&utm_campaign=api&utm_content=original,GI,"Discover the timeless charm of Sankheda Furniture, a celebrated traditional handicraft from Gujarat that proudly carries a Geographical Indication (GI) registration. Each piece reflects the region’s rich heritage and skilled artisanship, inviting you to bring a touch of authentic Indian elegance into your home."
Agates of Cambay,Handicraft,Gujarat,,"Geographical Indication (GI) registered traditional handicraft of Gujarat, officially recognised under India's GI Registry (ipindia.gov.in).",22.300000,72.616700,https://upload.wikimedia.org/wikipedia/commons/e/ec/City_of_Khambaht%28Tower_Area%29.jpg?utm_source=en.wikipedia.org&utm_campaign=api&utm_content=original,GI,"Discover the shimmering beauty of the Agates of Cambay, a treasured traditional handicraft from Gujarat that proudly carries a Geographical Indication (GI) registration. Each piece reflects the region’s rich heritage and meticulous artistry, making it a perfect keepsake to remember your journey. Experience the sparkle of authentic Indian craftsmanship that’s officially recognized across the nation."
Tangaliya Shawl,Handicraft,Gujarat,,"Geographical Indication (GI) registered traditional handicraft of Gujarat, officially recognised under India's GI Registry (ipindia.gov.in).",23.022500,72.571400,https://upload.wikimedia.org/wikipedia/commons/d/d2/Stamp_of_India_-_2018_-_Colnect_802139_-_Traditional_Handloom_Textiles_-_Tangaliya_Shawl.jpeg?utm_source=commons.wikimedia.org&utm_campaign=imageinfo&utm_content=original,GI,"Discover the exquisite Tangaliya Shawl, a cherished traditional handicraft from Gujarat that proudly carries a Geographical Indication (GI) registration, marking its authentic heritage. Each hand‑woven piece reflects the region’s vibrant artistry and centuries‑old techniques, inviting you to wrap yourself in a slice of Indian culture. Feel the warmth of Gujarat’s legacy draped around you."
Surat Zari Craft,Handicraft,Gujarat,,"Geographical Indication (GI) registered traditional handicraft of Gujarat, officially recognised under India's GI Registry (ipindia.gov.in).",21.170200,72.831100,https://upload.wikimedia.org/wikipedia/commons/4/47/Bharthana_Althan_area.jpg?utm_source=en.wikipedia.org&utm_campaign=api&utm_content=original,GI,"Discover the shimmering elegance of Surat Zari Craft, a treasured traditional handicraft from Gujarat that proudly carries a Geographical Indication (GI) registration. Recognised under India’s official GI Registry, each piece reflects the meticulous skill of local artisans, making it a vibrant symbol of the region’s cultural heritage. Let its radiant patterns inspire your journey through Gujarat’s artistic legacy."
Kachchh Shawls,Handicraft,Gujarat,,"Geographical Indication (GI) registered traditional handicraft of Gujarat, officially recognised under India's GI Registry (ipindia.gov.in).",23.022500,72.571400,https://upload.wikimedia.org/wikipedia/commons/6/6b/A_traditional_shawl_maker_from_Kutch%2C_Gujarat.JPG?utm_source=en.wikipedia.org&utm_campaign=api&utm_content=original,GI,"Wrap yourself in the vibrant heritage of Gujarat with a Kachchh Shawl, a beautifully woven masterpiece that carries the spirit of the region’s artisans. Proudly bearing a Geographical Indication tag, this traditional handicraft is officially recognized for its unique craftsmanship, making each shawl a genuine slice of Indian culture waiting to be explored."
Jamnagari Bandhani,Handicraft,Gujarat,,"Geographical Indication (GI) registered traditional handicraft of Gujarat, officially recognised under India's GI Registry (ipindia.gov.in).",22.470700,70.057700,https://handicrafts.nic.in/crafts/All_Crafts/Craft_Categories/Textile/Other_Textiles_Based/Jamnagari_Bandhani/Image_Gallery/Jam_I01.png,GI,"Discover the vibrant world of Jamnagari Bandhani, a cherished traditional handicraft from Gujarat that proudly carries a Geographical Indication (GI) tag. Each hand‑tied, tie‑and‑dye masterpiece bursts with color and intricate patterns, reflecting centuries‑old artistry passed down through generations. Let the lively hues and meticulous craftsmanship invite you to explore Gujarat’s rich cultural tapestry."
RajKot Patola,Handicraft,Gujarat,,"Geographical Indication (GI) registered traditional handicraft of Gujarat, officially recognised under India's GI Registry (ipindia.gov.in).",22.303900,70.802200,https://upload.wikimedia.org/wikipedia/commons/0/0b/Rashtriya_Shala%2C_Rajkot_%28Gujarat%29.jpg?utm_source=commons.wikimedia.org&utm_campaign=imageinfo&utm_content=original,GI,"Discover the vibrant charm of RajKot Patola, a beautifully woven traditional handicraft from Gujarat that proudly carries a Geographical Indication (GI) tag. Each piece reflects the region’s rich cultural heritage, inviting you to take home a slice of authentic Indian artistry."
Pethapur Printing Blocks,Handicraft,Gujarat,,"Geographical Indication (GI) registered traditional handicraft of Gujarat, officially recognised under India's GI Registry (ipindia.gov.in).",23.250000,72.616700,https://upload.wikimedia.org/wikipedia/commons/8/85/Traditional_Bagh_hand_block_print_master_craftsman-artisan-artist_Mohammed_Bilal_Khatri%2C_Madhya_Pradesh%2C_India.jpg?utm_source=en.wikipedia.org&utm_campaign=api&utm_content=original,GI,"Discover the vibrant art of Pethapur Printing Blocks, a cherished traditional handicraft from Gujarat that proudly carries a Geographical Indication (GI) registration. Each hand‑carved block brings centuries‑old patterns to life on fabric, offering a colorful glimpse into the region’s rich cultural heritage. Step into the world of Pethapur and experience the timeless beauty that makes this craft truly special."
Pithora,Handicraft,Gujarat,,"Geographical Indication (GI) registered traditional handicraft of Gujarat, officially recognised under India's GI Registry (ipindia.gov.in).",23.022500,72.571400,https://upload.wikimedia.org/wikipedia/commons/2/22/Pithora_wall_painting.JPG?utm_source=en.wikipedia.org&utm_campaign=api&utm_content=original,GI,"Discover the vibrant world of Pithora, Gujarat’s cherished traditional handicraft proudly protected by a Geographical Indication registration. Each colorful wall painting bursts with folk stories and joyous motifs, inviting you to bring a piece of Gujarat’s cultural spirit into your home. Experience the charm of this officially recognized art form and let its lively spirit brighten your travels."
Mata ni Pachhedi,Handicraft,Gujarat,,"Geographical Indication (GI) registered traditional handicraft of Gujarat, officially recognised under India's GI Registry (ipindia.gov.in).",23.022500,72.571400,https://handicrafts.nic.in/crafts/All_Crafts/Craft_Categories/Textile/Other_Textiles_Based/Mata_Ni_Pachhedi/Image_Gallery/Mata_I01.png,GI,"Discover the vibrant artistry of Mata ni Pachhedi, a cherished traditional handicraft from Gujarat that proudly carries a Geographical Indication (GI) tag. Each piece reflects generations of skill and cultural heritage, inviting you to bring a touch of authentic Gujarati craftsmanship into your world. Feel the warmth of the region’s creativity as you explore this uniquely celebrated art form."
Kutch Rogan Craft,Handicraft,Gujarat,,"Geographical Indication (GI) registered traditional handicraft of Gujarat, officially recognised under India's GI Registry (ipindia.gov.in).",23.733300,69.859700,https://upload.wikimedia.org/wikipedia/commons/6/65/Gujarat_Gulfs.jpg?utm_source=en.wikipedia.org&utm_campaign=api&utm_content=original,GI,"Discover the dazzling world of Kutch Rogan Craft, a centuries‑old art form from Gujarat that dazzles with its intricate, hand‑painted designs on fabric. Proudly protected as a Geographical Indication, each piece reflects the region’s rich cultural heritage, inviting you to take home a vibrant slice of Indian tradition."
Kutch Bandhani,Handicraft,Gujarat,,"Geographical Indication (GI) registered traditional handicraft of Gujarat, officially recognised under India's GI Registry (ipindia.gov.in).",23.733300,69.859700,https://upload.wikimedia.org/wikipedia/commons/c/c6/Bandhani_print_open.JPG?utm_source=en.wikipedia.org&utm_campaign=api&utm_content=original,GI,"Discover the vibrant world of Kutch Bandhani, a centuries‑old textile art from Gujarat that dazzles with its intricate tie‑and‑dye patterns and bold colors. Proudly protected as a Geographical Indication, this cherished craft showcases the region’s rich cultural heritage, inviting you to explore the skill and stories woven into every piece."
Gharchola Craft of Gujarat,Handicraft,Gujarat,,"Geographical Indication (GI) registered traditional handicraft of Gujarat, officially recognised under India's GI Registry (ipindia.gov.in).",23.022500,72.571400,https://handicrafts.nic.in/crafts/All_Crafts/Craft_Categories/Textile/Other_Textiles_Based/Gharchola_Craft/Image_Gallery/Gha_I01.png,GI,"Discover the vibrant Gharchola Craft of Gujarat, a cherished traditional art proudly protected by a Geographical Indication (GI) registration. Each piece reflects the region’s rich cultural heritage, showcasing intricate designs that have been lovingly passed down through generations. Experience the unique charm of this authentic Gujarati masterpiece on your journey."
Gujarat Suf Embroidery,Handicraft,Gujarat,,"Geographical Indication (GI) registered traditional handicraft of Gujarat, officially recognised under India's GI Registry (ipindia.gov.in).",23.022500,72.571400,https://upload.wikimedia.org/wikipedia/commons/5/57/Antique_Kutch_Embroidery.jpg?utm_source=en.wikipedia.org&utm_campaign=api&utm_content=original,GI,"Discover the vibrant artistry of Gujarat Suf Embroidery, a cherished traditional craft proudly protected by a Geographical Indication (GI) registration. Each stitch weaves together centuries‑old techniques and the lively spirit of Gujarat, creating dazzling patterns that celebrate the region’s rich cultural heritage. Let this exquisite handiwork add a splash of authentic color to your travel memories."
Ahmedabad Sodagari Block Print,Handicraft,Gujarat,,"Geographical Indication (GI) registered traditional handicraft of Gujarat, officially recognised under India's GI Registry (ipindia.gov.in).",23.022500,72.571400,https://handicrafts.nic.in/crafts/All_Crafts/Craft_Categories/Textile/Hand_Block_Printing/Ahmedabad_Sodagari_Block_Print/Image_Gallery/sod_i03.jpeg,GI,"Discover the vibrant artistry of Ahmedabad Sodagari Block Print, a cherished traditional craft from Gujarat that proudly carries a Geographical Indication (GI) registration. Each hand‑crafted block‑printed piece tells a story of centuries‑old techniques and local culture, inviting you to take home a slice of authentic Indian heritage. Feel the texture, admire the bold patterns, and experience the timeless charm that makes this craft truly special."
Surat Sadeli Craft,Handicraft,Gujarat,,"Geographical Indication (GI) registered traditional handicraft of Gujarat, officially recognised under India's GI Registry (ipindia.gov.in).",21.170200,72.831100,https://mir-s3-cdn-cf.behance.net/project_modules/disp/084bd852645955.59177d6c7ebed.jpg,GI,"Discover the vibrant Surat Sadeli Craft, a celebrated traditional art from Gujarat that proudly carries a Geographical Indication (GI) tag, marking its authentic heritage. Each piece reflects the skillful hands of local artisans, offering you a colorful glimpse into the region’s rich cultural tapestry. Explore this uniquely recognized craft and bring home a piece of Gujarat’s living tradition."
Bharuch Sujani Weaving,Handicraft,Gujarat,,"Geographical Indication (GI) registered traditional handicraft of Gujarat, officially recognised under India's GI Registry (ipindia.gov.in).",21.705100,72.995900,https://images.mid-day.com/images/images/2023/jul/A-song-for-sujni-a_d.jpg,GI,"Discover the vibrant artistry of Bharuch Sujani Weaving, a cherished traditional craft from Gujarat that proudly carries a Geographical Indication (GI) tag. Each hand‑woven piece reflects generations of skill, vibrant colors, and intricate patterns that bring the spirit of the region to life, inviting you to take home a slice of authentic Indian heritage."
Kutch Ajrakh,Handicraft,Gujarat,,"Geographical Indication (GI) registered traditional handicraft of Gujarat, officially recognised under India's GI Registry (ipindia.gov.in).",23.733300,69.859700,https://live.staticflickr.com/65535/53650096404_d3d30dd1a4_b.jpg,GI,"Discover the mesmerizing patterns of Kutch Ajrakh, a centuries‑old textile art from Gujarat that proudly bears a Geographical Indication tag, marking its authentic heritage. Each hand‑block printed piece tells a story of the region’s vibrant culture, inviting you to take home a slice of tradition."
Kullu Shawl,Handicraft,Himachal Pradesh,,"Geographical Indication (GI) registered traditional handicraft of Himachal Pradesh, officially recognised under India's GI Registry (ipindia.gov.in).",31.957800,77.109500,https://upload.wikimedia.org/wikipedia/commons/1/16/Catch_of_the_Day_-_Image_Cropped.jpg?utm_source=en.wikipedia.org&utm_campaign=api&utm_content=original,GI,"Wrap yourself in the vibrant heritage of Himachal Pradesh with a Kullu Shawl—an exquisite, hand‑woven masterpiece that proudly carries a Geographical Indication tag. Each shawl reflects the region’s timeless artistry, inviting you to experience the warmth and color of the mountains in every stitch."
Chamba Rumal,Handicraft,Himachal Pradesh,,"Geographical Indication (GI) registered traditional handicraft of Himachal Pradesh, officially recognised under India's GI Registry (ipindia.gov.in).",32.556000,76.131000,https://upload.wikimedia.org/wikipedia/commons/c/cb/Chamba_Rumal_.jpg?utm_source=en.wikipedia.org&utm_campaign=api&utm_content=original,GI,"Discover the exquisite Chamba Rumal, a lovingly crafted treasure from Himachal Pradesh that carries the honor of a Geographical Indication registration. Its delicate embroidery reflects the region’s rich cultural heritage, inviting you to hold a piece of authentic artistry in your hands. Feel the warmth of tradition with every stitch."
Kinnauri Shawl,Handicraft,Himachal Pradesh,,"Geographical Indication (GI) registered traditional handicraft of Himachal Pradesh, officially recognised under India's GI Registry (ipindia.gov.in).",31.580000,78.440000,https://upload.wikimedia.org/wikipedia/commons/2/2b/Kinnauri_culture.jpg?utm_source=commons.wikimedia.org&utm_campaign=imageinfo&utm_content=original,GI,"Wrap yourself in the vibrant heritage of Himachal Pradesh with a Kinnauri Shawl, a beautifully woven masterpiece that carries the spirit of the mountains. Proudly protected by a Geographical Indication registration, each shawl reflects the region’s timeless artistry and the skilled hands of local artisans, inviting you to experience a piece of authentic Indian tradition."
Kangra Paintings,Handicraft,Himachal Pradesh,,"Geographical Indication (GI) registered traditional handicraft of Himachal Pradesh, officially recognised under India's GI Registry (ipindia.gov.in).",32.099800,76.269100,https://upload.wikimedia.org/wikipedia/commons/0/03/Kangra_Fort_Front_Wide_view.jpg?utm_source=en.wikipedia.org&utm_campaign=api&utm_content=original,GI,"Discover the vibrant world of Kangra Paintings, a cherished traditional handicraft from Himachal Pradesh that proudly carries a Geographical Indication (GI) registration. Each brushstroke tells a story of the region’s rich cultural heritage, inviting you to bring a piece of its colorful artistry home. Let the timeless beauty of these paintings inspire your journey through the hills."
Chamba Chappal,Handicraft,Himachal Pradesh,,"Geographical Indication (GI) registered traditional handicraft of Himachal Pradesh, officially recognised under India's GI Registry (ipindia.gov.in).",32.556000,76.131000,https://upload.wikimedia.org/wikipedia/commons/7/74/Lakshana_Devi_temple_%286133021771%29.jpg?utm_source=en.wikipedia.org&utm_campaign=api&utm_content=original,GI,"Discover the charm of Chamba Chappal, a lovingly hand‑crafted treasure from Himachal Pradesh that proudly carries a Geographical Indication tag. Each pair reflects the region’s timeless artistry, inviting you to step into a piece of living heritage wherever you go."
Lahauli Knitted Socks & Gloves,Handicraft,Himachal Pradesh,,"Geographical Indication (GI) registered traditional handicraft of Himachal Pradesh, officially recognised under India's GI Registry (ipindia.gov.in).",31.104800,77.173400,https://handicrafts.nic.in/crafts/All_Crafts/Craft_Categories/Textile/Other_Textiles_Based/Lahauli_Knitted_Socks%26Gloves/Image_Gallery/Lah_I01.jpg,GI,"Discover the cozy charm of Lahauli knitted socks and gloves, a beloved Himachal Pradesh tradition celebrated with a Geographical Indication tag. Hand‑crafted by skilled artisans, each pair blends vibrant colors and snug warmth, perfect for strolling the mountain villages. Bring home a piece of this heritage and feel the comfort of the hills."
Kashmir Pashmina,Handicraft,Jammu and Kashmir,,"Geographical Indication (GI) registered traditional handicraft of Jammu and Kashmir, officially recognised under India's GI Registry (ipindia.gov.in).",34.083700,74.797300,https://upload.wikimedia.org/wikipedia/commons/7/70/Neeulm_Valley_AJK_%28Arang_Kel%29.jpg?utm_source=en.wikipedia.org&utm_campaign=api&utm_content=original,GI,"Kashmir Pashmina is a treasured traditional handicraft from Jammu and Kashmir, proudly protected by a Geographical Indication registration that honors its unique regional heritage. As you explore the vibrant markets, you’ll discover the meticulous artistry woven into each piece, offering a warm, authentic memento of the valley’s timeless craft."
Kashmir Sozani Craft,Handicraft,Jammu and Kashmir,,"Geographical Indication (GI) registered traditional handicraft of Jammu and Kashmir, officially recognised under India's GI Registry (ipindia.gov.in).",34.083700,74.797300,https://handicrafts.nic.in/crafts/All_Crafts/Craft_Categories/Textile/Embroidery/Kashmir_Sozani_Craft/Image_Gallery/Soz_I01.jpg,GI,"Discover the exquisite Kashmir Sozani Craft, a beautifully woven tradition from Jammu and Kashmir that carries the honor of Geographical Indication (GI) registration. Each piece reflects the region’s rich cultural heritage, proudly recognized by India’s GI Registry, inviting you to bring home a touch of authentic artistry."
Kashmir Paper Machie,Handicraft,Jammu and Kashmir,,"Geographical Indication (GI) registered traditional handicraft of Jammu and Kashmir, officially recognised under India's GI Registry (ipindia.gov.in).",34.083700,74.797300,https://upload.wikimedia.org/wikipedia/commons/d/d8/Pen_Box_%28qalamdan%29_LACMA_M.89.160a-b.jpg?utm_source=en.wikipedia.org&utm_campaign=api&utm_content=original,GI,"Discover the exquisite Kashmir Paper Machie, a traditional handicraft from Jammu and Kashmir that proudly bears Geographical Indication registration, marking it as a unique treasure of the region. Recognized by India’s GI Registry, each piece reflects the timeless skill and cultural heritage of Kashmiri artisans, inviting you to bring a touch of this beautiful legacy home."
Kashmir Walnut Wood Carving,Handicraft,Jammu and Kashmir,,"Geographical Indication (GI) registered traditional handicraft of Jammu and Kashmir, officially recognised under India's GI Registry (ipindia.gov.in).",34.083700,74.797300,https://upload.wikimedia.org/wikipedia/commons/4/42/Walnut_wood_carving.jpg?utm_source=en.wikipedia.org&utm_campaign=api&utm_content=original,GI,"Discover the timeless elegance of Kashmir Walnut Wood Carving, a GI‑registered treasure from the heart of Jammu and Kashmir, where master artisans shape fragrant walnut wood into intricate, hand‑carved masterpieces. Each piece reflects centuries‑old traditions and the region’s natural beauty, inviting you to bring a slice of Kashmiri heritage into your home."
Khatamband,Handicraft,Jammu and Kashmir,,"Geographical Indication (GI) registered traditional handicraft of Jammu and Kashmir, officially recognised under India's GI Registry (ipindia.gov.in).",34.083700,74.797300,https://upload.wikimedia.org/wikipedia/commons/f/f3/Mosque_doors_with_the_intricate_Kashmiri_Khatamband_pattern%2C_Anantnag.jpg?utm_source=commons.wikimedia.org&utm_campaign=imageinfo&utm_content=original,GI,"Discover the exquisite art of Khatamband, a centuries‑old craft from Jammu and Kashmir that transforms humble wood into intricate, lattice‑work masterpieces. Proudly GI‑registered and celebrated in India’s official registry, each piece reflects the region’s rich heritage and the meticulous skill of its artisans—making it a perfect keepsake to bring a touch of Kashmir’s timeless beauty home."
Kashmiri Hand Knotted Carpet,Handicraft,Jammu and Kashmir,,"Geographical Indication (GI) registered traditional handicraft of Jammu and Kashmir, officially recognised under India's GI Registry (ipindia.gov.in).",34.083700,74.797300,https://upload.wikimedia.org/wikipedia/commons/7/74/Kmrwalnut.jpg?utm_source=en.wikipedia.org&utm_campaign=api&utm_content=original,GI,"Step into the world of Kashmiri Hand Knotted Carpets, a Geographical Indication‑registered treasure of Jammu and Kashmir, where every knot weaves a tale of centuries‑old artistry and local tradition. Feel the warm hospitality of the region as you admire the intricate patterns and vibrant colors that make each carpet a unique, handcrafted masterpiece."
Basohli Painting,Handicraft,Jammu and Kashmir,,"Geographical Indication (GI) registered traditional handicraft of Jammu and Kashmir, officially recognised under India's GI Registry (ipindia.gov.in).",34.083700,74.797300,https://upload.wikimedia.org/wikipedia/commons/6/64/Ganesha_Basohli_miniature_circa_1730_Dubost_p73.jpg?utm_source=en.wikipedia.org&utm_campaign=api&utm_content=original,GI,"Discover the vibrant world of Basohli Painting, a treasured traditional handicraft from Jammu and Kashmir that proudly carries a Geographical Indication (GI) tag. Each brushstroke bursts with bold colors and intricate motifs, reflecting the region’s rich artistic heritage and inviting you to bring a piece of its timeless beauty home."
Rajouri Chikri Wood Craft,Handicraft,Jammu and Kashmir,,"Geographical Indication (GI) registered traditional handicraft of Jammu and Kashmir, officially recognised under India's GI Registry (ipindia.gov.in).",34.083700,74.797300,https://upload.wikimedia.org/wikipedia/commons/0/05/Mushqbudji_rice_grains_close-up.jpg?utm_source=en.wikipedia.org&utm_campaign=api&utm_content=original,GI,"Discover the exquisite Rajouri Chikri Wood Craft, a beautifully carved tradition from Jammu and Kashmir that proudly carries a Geographical Indication tag. Each piece reflects the region’s rich heritage and the meticulous skill of local artisans, inviting you to bring a touch of authentic Kashmiri artistry into your home. Feel the warmth of centuries‑old craftsmanship with every intricate design."
Basohli Pashmina Woolen Products,Handicraft,Jammu and Kashmir,,"Geographical Indication (GI) registered traditional handicraft of Jammu and Kashmir, officially recognised under India's GI Registry (ipindia.gov.in).",34.083700,74.797300,https://upload.wikimedia.org/wikipedia/commons/8/83/India%2C_Mughal%2C_Kashmir%2C_17th_century_-_Woolen_carpet_with_millefleurs_decoration_-_1936.17_-_Cleveland_Museum_of_Art.tif?utm_source=commons.wikimedia.org&utm_campaign=imageinfo&utm_content=original,GI,"Discover the exquisite Basohli Pashmina Woolen Products, a cherished traditional handicraft from Jammu and Kashmir that proudly carries a Geographical Indication (GI) tag. Each piece reflects the region’s rich heritage and meticulous craftsmanship, offering you a warm, luxurious taste of authentic Indian artistry."
Kashmir Namda,Handicraft,Jammu and Kashmir,,"Geographical Indication (GI) registered traditional handicraft of Jammu and Kashmir, officially recognised under India's GI Registry (ipindia.gov.in).",34.083700,74.797300,https://upload.wikimedia.org/wikipedia/commons/7/70/Neeulm_Valley_AJK_%28Arang_Kel%29.jpg?utm_source=en.wikipedia.org&utm_campaign=api&utm_content=original,GI,"Discover the exquisite artistry of Kashmir Namda, a cherished traditional handicraft from Jammu and Kashmir that proudly carries a Geographical Indication (GI) registration. Each piece reflects centuries‑old weaving techniques, turning simple wool into beautifully textured rugs that capture the region’s rich cultural heritage. Experience the warmth and elegance of Namda—a true testament to the skill and spirit of Kashmiri artisans."
Kashmir Wagguv,Handicraft,Jammu and Kashmir,,"Geographical Indication (GI) registered traditional handicraft of Jammu and Kashmir, officially recognised under India's GI Registry (ipindia.gov.in).",34.083700,74.797300,https://www.hindustantimes.com/ht-img/img/2025/04/05/1600x900/An-artist-works-on-a-Kashmiri--wagguv---a-traditio_1743875766912.jpeg,GI,"Discover the exquisite charm of Kashmir Wagguv, a traditional handicraft proudly bearing the Geographical Indication (GI) tag from Jammu and Kashmir. Each piece reflects the region’s rich heritage and meticulous artistry, officially recognized by India’s GI Registry. Let this timeless craft add a touch of authentic Kashmiri elegance to your journey."
Shikara,Handicraft,Jammu and Kashmir,,"Geographical Indication (GI) registered traditional handicraft of Jammu and Kashmir, officially recognised under India's GI Registry (ipindia.gov.in).",34.083700,74.797300,https://upload.wikimedia.org/wikipedia/commons/e/ee/Shikara_-_Sukhna_Lake_-_Chandigarh_2016-08-07_%28edit%29.jpg?utm_source=en.wikipedia.org&utm_campaign=api&utm_content=original,GI,"Discover the exquisite Shikara, a cherished traditional handicraft from the breathtaking valleys of Jammu and Kashmir, proudly protected by a Geographical Indication registration. Each piece reflects the region’s rich cultural heritage and masterful artistry, inviting you to bring home a touch of Kashmir’s timeless elegance."
Gabba,Handicraft,Jammu and Kashmir,,"Geographical Indication (GI) registered traditional handicraft of Jammu and Kashmir, officially recognised under India's GI Registry (ipindia.gov.in).",34.083700,74.797300,https://upload.wikimedia.org/wikipedia/commons/9/98/The_Gabba_Panorama.jpg?utm_source=en.wikipedia.org&utm_campaign=api&utm_content=original,GI,"Discover the exquisite Gabba, a traditional handicraft from Jammu and Kashmir that proudly carries the Geographical Indication (GI) tag, celebrating centuries‑old craftsmanship. Each piece reflects the region’s vibrant heritage, inviting you to take home a slice of authentic Kashmiri artistry."
Kashmir Willow Bat,Handicraft,Jammu and Kashmir,,"Geographical Indication (GI) registered traditional handicraft of Jammu and Kashmir, officially recognised under India's GI Registry (ipindia.gov.in).",34.083700,74.797300,https://upload.wikimedia.org/wikipedia/commons/6/68/Kashmir_willow_Cricket_Bat.jpg?utm_source=commons.wikimedia.org&utm_campaign=imageinfo&utm_content=original,GI,"Discover the delicate charm of the Kashmir Willow Bat, a traditional handicraft woven from supple willow branches by skilled artisans of Jammu and Kashmir. Recognised under India’s Geographical Indication registry, each bat carries the region’s heritage and the gentle rhythm of mountain breezes, making it a perfect, heartfelt souvenir of your journey."
Kashmir Chain Stitch,Handicraft,Jammu and Kashmir,,"Geographical Indication (GI) registered traditional handicraft of Jammu and Kashmir, officially recognised under India's GI Registry (ipindia.gov.in).",34.083700,74.797300,https://upload.wikimedia.org/wikipedia/commons/c/c7/Two_Gurjar_men_from_Bhimber_district_Azad_Kashmir.png?utm_source=en.wikipedia.org&utm_campaign=api&utm_content=original,GI,"Discover the exquisite Kashmir Chain Stitch, a GI‑registered treasure from the heart of Jammu and Kashmir, where artisans weave intricate, shimmering patterns that echo the region’s timeless beauty. Each handcrafted piece tells a story of heritage and skill, inviting you to bring a touch of authentic Kashmiri elegance into your life."
Kashmir Crewel,Handicraft,Jammu and Kashmir,,"Geographical Indication (GI) registered traditional handicraft of Jammu and Kashmir, officially recognised under India's GI Registry (ipindia.gov.in).",34.083700,74.797300,https://upload.wikimedia.org/wikipedia/commons/7/74/Kmrwalnut.jpg?utm_source=en.wikipedia.org&utm_campaign=api&utm_content=original,GI,"Discover the intricate beauty of Kashmir Crewel, a GI‑registered traditional handicraft from the breathtaking valleys of Jammu and Kashmir. Each stitch tells a story of centuries‑old artistry, recognized and protected by India's GI Registry, making every piece a treasured slice of heritage for you to take home."
Kashmir Tweed,Handicraft,Jammu and Kashmir,,"Geographical Indication (GI) registered traditional handicraft of Jammu and Kashmir, officially recognised under India's GI Registry (ipindia.gov.in).",34.083700,74.797300,https://upload.wikimedia.org/wikipedia/commons/1/1f/Mandala_Chandar%2C_Kashmir_1840.jpg?utm_source=en.wikipedia.org&utm_campaign=api&utm_content=original,GI,"Discover the timeless elegance of Kashmir Tweed, a GI‑registered traditional handicraft from the heart of Jammu and Kashmir. Each piece weaves together centuries‑old techniques and the region’s rich cultural heritage, offering you a touch of authentic artistry that’s proudly recognized across India. Let this exquisite fabric wrap you in the warmth and charm of the Himalayas."
Sohrai Khovar Painting,Handicraft,Jharkhand,,"Geographical Indication (GI) registered traditional handicraft of Jharkhand, officially recognised under India's GI Registry (ipindia.gov.in).",23.669300,85.284200,https://upload.wikimedia.org/wikipedia/commons/9/9e/Tribal_Art_Gallery.jpg?utm_source=en.wikipedia.org&utm_campaign=api&utm_content=original,GI,"Discover the vibrant world of Sohrai Khovar Painting, a traditional Jharkhand handicraft celebrated for its bold, earthy motifs and centuries‑old storytelling tradition. Proudly protected by a Geographical Indication registration, each hand‑crafted piece offers a colorful glimpse into the region’s rich cultural heritage, inviting you to bring a touch of authentic Indian artistry into your own space."
Mysore Silk,Handicraft,Karnataka,,"Geographical Indication (GI) registered traditional handicraft of Karnataka, officially recognised under India's GI Registry (ipindia.gov.in).",12.295800,76.639400,https://upload.wikimedia.org/wikipedia/commons/b/b2/Mysore_Silk_Saree.jpg?utm_source=en.wikipedia.org&utm_campaign=api&utm_content=original,GI,"Discover the radiant elegance of Mysore Silk, a cherished traditional handicraft from Karnataka that proudly carries a Geographical Indication (GI) registration. Each lustrous weave reflects centuries‑old artistry, inviting you to experience the luxurious heritage woven into every thread. Feel the charm of this iconic silk as you explore the heart of Karnataka’s cultural tapestry."
Mysore Rosewood Inlay,Handicraft,Karnataka,,"Geographical Indication (GI) registered traditional handicraft of Karnataka, officially recognised under India's GI Registry (ipindia.gov.in).",12.295800,76.639400,https://upload.wikimedia.org/wikipedia/commons/2/2b/Wood_inlay_Mysore.jpg?utm_source=en.wikipedia.org&utm_campaign=api&utm_content=original,GI,"Discover the exquisite artistry of Mysore Rosewood Inlay, a cherished traditional handicraft from Karnataka that proudly carries a Geographical Indication (GI) registration. Each piece showcases masterful woodwork, where delicate patterns are meticulously inlaid into rich rosewood, creating timeless treasures that reflect the region’s cultural heritage. Let this elegant craft captivate you as you explore the vibrant spirit of Karnataka."
Kasuti Embroidery,Handicraft,Karnataka,,"Geographical Indication (GI) registered traditional handicraft of Karnataka, officially recognised under India's GI Registry (ipindia.gov.in).",15.458900,75.007800,https://upload.wikimedia.org/wikipedia/commons/2/2c/Kantha_%28Quilt%29_LACMA_AC1994.131.1.jpg?utm_source=en.wikipedia.org&utm_campaign=api&utm_content=original,GI,"Discover the exquisite charm of Kasuti Embroidery, a centuries‑old art woven into the fabric of Karnataka’s heritage. Recognised with a Geographical Indication, each stitch tells a story of meticulous craftsmanship, inviting you to explore the delicate patterns that have delighted generations. Let this timeless tradition add a touch of elegance to your journey."
Mysore Traditional Paintings,Handicraft,Karnataka,,"Geographical Indication (GI) registered traditional handicraft of Karnataka, officially recognised under India's GI Registry (ipindia.gov.in).",12.295800,76.639400,https://upload.wikimedia.org/wikipedia/commons/8/83/Mysorepalace.jpg?utm_source=en.wikipedia.org&utm_campaign=api&utm_content=original,GI,"Discover the timeless beauty of Mysore Traditional Paintings, a GI‑registered handicraft that captures Karnataka’s rich artistic heritage in every brushstroke. Recognised by India’s GI Registry, these vibrant works showcase intricate motifs and radiant colors that bring the region’s cultural stories to life, inviting you to experience a piece of history you can truly hold."
Ganjifa Cards of Mysore,Handicraft,Karnataka,,"Geographical Indication (GI) registered traditional handicraft of Karnataka, officially recognised under India's GI Registry (ipindia.gov.in).",12.295800,76.639400,https://upload.wikimedia.org/wikipedia/commons/8/83/Mysorepalace.jpg?utm_source=en.wikipedia.org&utm_campaign=api&utm_content=original,GI,"Discover the exquisite Ganjifa Cards of Mysore, a vibrant traditional handicraft from Karnataka that proudly carries a Geographical Indication (GI) registration, marking its unique cultural heritage. Hand‑painted with intricate designs and vivid colors, each card tells a story of artistry passed down through generations, inviting you to hold a piece of Karnataka’s living tradition in your hands."
Navalgund Durries,Handicraft,Karnataka,,"Geographical Indication (GI) registered traditional handicraft of Karnataka, officially recognised under India's GI Registry (ipindia.gov.in).",15.533300,75.366700,https://handicrafts.nic.in/crafts/All_Crafts/Craft_Categories/Textile/Carpet_Rugs_and_Durries/Navalgund_Durries_of_Karnataka/Image_Gallery/Nav_I01.jpg,GI,"Discover the exquisite Navalgund Durries, a cherished traditional handicraft from Karnataka that proudly carries a Geographical Indication (GI) registration. Each hand‑woven piece reflects the region’s rich cultural heritage and the skill of local artisans, making it a perfect keepsake to bring a touch of authentic Indian artistry into your home."
Karnataka Bronzeware,Handicraft,Karnataka,,"Geographical Indication (GI) registered traditional handicraft of Karnataka, officially recognised under India's GI Registry (ipindia.gov.in).",12.971600,77.594600,https://handicrafts.nic.in/crafts/All_Crafts/Craft_Categories/Metal/Bronze_Metal/Karnataka_Bronzeware/Image_Gallery/Kar_I01.jpg,GI,"Discover the timeless allure of Karnataka Bronzeware, a GI‑registered treasure that brings centuries‑old metal‑working artistry to life. Each handcrafted piece—from graceful temple bells to elegant household items—reflects the skill and heritage of Karnataka’s artisans, inviting you to take a piece of this shimmering tradition home."
Ilkal Sarees,Handicraft,Karnataka,,"Geographical Indication (GI) registered traditional handicraft of Karnataka, officially recognised under India's GI Registry (ipindia.gov.in).",16.216700,76.116700,https://upload.wikimedia.org/wikipedia/commons/f/f7/Weaving_ilkal_saree.jpg?utm_source=en.wikipedia.org&utm_campaign=api&utm_content=original,GI,"Discover the vibrant charm of Ilkal Sarees, a cherished Karnataka tradition celebrated with Geographical Indication status and proudly listed in India's GI Registry. Each hand‑woven masterpiece blends rich colors and intricate borders, inviting you to experience the timeless artistry that has defined this region’s cultural fabric. Feel the legacy drape around you as you explore the stories woven into every thread."
Molakalmuru Sarees,Handicraft,Karnataka,,"Geographical Indication (GI) registered traditional handicraft of Karnataka, officially recognised under India's GI Registry (ipindia.gov.in).",14.716700,76.733300,https://upload.wikimedia.org/wikipedia/commons/f/f2/Hand_loom_in_Devikapuram.jpg?utm_source=en.wikipedia.org&utm_campaign=api&utm_content=original,GI,"Discover the radiant Molakalmuru Sarees, a cherished traditional craft from Karnataka that proudly carries a Geographical Indication tag. Each hand‑woven piece reflects the region’s rich heritage, inviting you to drape yourself in a living piece of Indian artistry."
Sandur Lambani Embroidery,Handicraft,Karnataka,,"Geographical Indication (GI) registered traditional handicraft of Karnataka, officially recognised under India's GI Registry (ipindia.gov.in).",15.083300,76.533300,https://upload.wikimedia.org/wikipedia/commons/d/d4/Blouse_%28kanchali%29_and_skirt_%28ghaghara%29%2C_Banjara_community%2C_Saurashtra%2C_Gujarat%2C_India%2C_view_1%2C_mid_20th_century%2C_cotton%2C_glass_mirrors_-_Textile_Museum_of_Canada_-_DSC00975.JPG?utm_source=en.wikipedia.org&utm_campaign=api&utm_content=original,GI,"Discover the dazzling Sandur Lambani Embroidery, a GI‑registered traditional craft from Karnataka that brings the vibrant spirit of the region to life. Each piece reflects centuries‑old artistry, proudly recognized under India’s Geographical Indication registry, inviting you to explore the rich cultural heritage woven into every stitch."
Guledgudd Khana,Handicraft,Karnataka,,"Geographical Indication (GI) registered traditional handicraft of Karnataka, officially recognised under India's GI Registry (ipindia.gov.in).",16.050000,75.783300,https://www.incredibleindia.gov.in/content/dam/incredible-india-v2/en/destinations/bagalkot/guledgudd-khana/guledgudd-khana.jpg,GI,"Discover the vibrant artistry of Guledgudd Khana, a cherished traditional handicraft from Karnataka that proudly carries a Geographical Indication tag. Each piece reflects centuries‑old techniques passed down through generations, offering visitors a tangible taste of the region’s cultural heritage."
Kinhal Toys,Handicraft,Karnataka,,"Geographical Indication (GI) registered traditional handicraft of Karnataka, officially recognised under India's GI Registry (ipindia.gov.in).",15.450000,76.000000,https://upload.wikimedia.org/wikipedia/commons/4/44/Kinnal_toys%2C_Karnataka.jpeg?utm_source=en.wikipedia.org&utm_campaign=api&utm_content=original,GI,"Discover the vibrant world of Kinhal Toys, a cherished traditional handicraft from Karnataka that proudly carries a Geographical Indication (GI) tag. Each hand‑crafted figure bursts with color and charm, reflecting the region’s rich artistic heritage and inviting you to take home a piece of authentic Indian craftsmanship."
Udupi Sarees,Handicraft,Karnataka,,"Geographical Indication (GI) registered traditional handicraft of Karnataka, officially recognised under India's GI Registry (ipindia.gov.in).",13.340900,74.742100,https://upload.wikimedia.org/wikipedia/commons/6/6d/Nayana_Udupi.jpg?utm_source=en.wikipedia.org&utm_campaign=api&utm_content=original,GI,"Step into the vibrant world of Udupi Sarees, a cherished Karnataka tradition proudly protected by a Geographical Indication tag. Each hand‑woven piece reflects the region’s rich cultural tapestry, inviting you to experience the timeless elegance and craftsmanship that make these sarees truly special."
Patteda Anchu Saree & Fabrics,Handicraft,Karnataka,,"Geographical Indication (GI) registered traditional handicraft of Karnataka, officially recognised under India's GI Registry (ipindia.gov.in).",12.971600,77.594600,https://www.weavesoftradition.com/cdn/shop/files/patteda-anchu-handloom-cotton-saree.jpg,GI,"Discover the vibrant Patteda Anchu Saree & Fabrics, a cherished traditional handicraft from Karnataka proudly protected by a Geographical Indication (GI) registration. Each piece reflects the region’s rich weaving heritage, offering you a colorful glimpse into the artistry that has earned official recognition across India. Let the intricate patterns and lively hues invite you to experience Karnataka’s timeless craftmanship."
Aranmula Kannadi Aranmula Metal Mirror,Handicraft,Kerala,,"Geographical Indication (GI) registered traditional handicraft of Kerala, officially recognised under India's GI Registry (ipindia.gov.in).",9.383300,76.583300,https://upload.wikimedia.org/wikipedia/commons/5/55/Aranmula_mirror_high_quality_bronze_mirror.jpg?utm_source=en.wikipedia.org&utm_campaign=api&utm_content=original,GI,"Discover the shimmering beauty of the Aranmula Kannadi, Kerala’s exquisite metal mirror that reflects centuries of artistry and devotion. This GI‑registered treasure, crafted with meticulous hand‑polishing techniques, offers a glimpse into a living tradition that has been officially recognized across India. Let its flawless surface captivate you as you explore the cultural heart of Aranmula."
Payyannur Pavithra Ring,Handicraft,Kerala,,"Geographical Indication (GI) registered traditional handicraft of Kerala, officially recognised under India's GI Registry (ipindia.gov.in).",12.100000,75.200000,https://upload.wikimedia.org/wikipedia/commons/1/1a/Payyanur_Pavithram_Ring.jpg?utm_source=en.wikipedia.org&utm_campaign=api&utm_content=original,GI,"Discover the exquisite Payyannur Pavithra Ring, a cherished traditional handicraft from Kerala that proudly carries a Geographical Indication (GI) registration. Each ring reflects the region’s timeless artistry, inviting you to hold a piece of authentic cultural heritage in your hands. Feel the warmth of Kerala’s craft legacy as you explore this beautifully crafted treasure."
Alleppey Coir,Handicraft,Kerala,,"Geographical Indication (GI) registered traditional handicraft of Kerala, officially recognised under India's GI Registry (ipindia.gov.in).",9.498100,76.338800,https://handicrafts.nic.in/crafts/All_Crafts/Craft_Categories/Natural_Fiber_%26_Grass/Natural_Fiber/Alleppey_Coir/Image_Gallery/All_I01.jpg,GI,"Step into the world of Alleppey Coir, a GI‑registered traditional craft from Kerala, proudly listed in India's Geographical Indication Registry. Its skillful weaving reflects generations of local artistry, inviting you to experience the warm, authentic spirit of the region."
Brass Broidered Coconut Shell Crafts of Kerala,Handicraft,Kerala,,"Geographical Indication (GI) registered traditional handicraft of Kerala, officially recognised under India's GI Registry (ipindia.gov.in).",10.850500,76.271100,https://cdn.shopify.com/s/files/1/0686/9437/6495/files/brass-broidered-coconut-shell-craft-of-kerala-make-an-images-about-this-topic.png?v=1768819757,GI,"Discover the exquisite Brass Broidered Coconut Shell Crafts of Kerala—a GI‑registered treasure that blends shimmering brass embroidery with the natural elegance of coconut shells, showcasing the state’s rich artisanal heritage. Each piece reflects Kerala’s timeless craftsmanship, inviting you to bring a slice of this vibrant tradition home."
Screw Pine Craft of Kerala,Handicraft,Kerala,,"Geographical Indication (GI) registered traditional handicraft of Kerala, officially recognised under India's GI Registry (ipindia.gov.in).",10.850500,76.271100,https://handicrafts.nic.in/crafts/All_Crafts/Craft_Categories/Natural_Fiber_%26_Grass/Leaf%2CReed%26Rattan/Screw_Pine_Craft_of_Kerala/Image_Gallery/Scr_I01.jpg,GI,"Discover the intricate beauty of Kerala's Screw Pine Craft, a GI‑registered traditional art that transforms the humble screw pine leaf into elegant baskets, mats, and décor. Each piece reflects the skilled hands of local artisans and carries the official stamp of India's GI Registry, making it a truly authentic souvenir of Kerala's cultural heritage."
Maddalam of Palakkad,Handicraft,Kerala,,"Geographical Indication (GI) registered traditional handicraft of Kerala, officially recognised under India's GI Registry (ipindia.gov.in).",10.786700,76.654800,https://upload.wikimedia.org/wikipedia/commons/5/59/Drummer_plying_Madhalam_BNC.jpg?utm_source=en.wikipedia.org&utm_campaign=api&utm_content=original,GI,"Discover the Maddalam of Palakkad, a beautifully crafted traditional instrument that carries the rhythm of Kerala’s rich cultural heritage. Recognised with a Geographical Indication tag, each piece reflects the skilled artistry of local craftsmen, making it a unique souvenir that echoes the soul of the region."
Cannanore Home Furnishings,Handicraft,Kerala,,"Geographical Indication (GI) registered traditional handicraft of Kerala, officially recognised under India's GI Registry (ipindia.gov.in).",11.874500,75.370400,https://upload.wikimedia.org/wikipedia/commons/7/7d/Vpra_floating_park_boat_walking_path.jpg?utm_source=en.wikipedia.org&utm_campaign=api&utm_content=original,GI,"Discover the timeless charm of Cannanore Home Furnishings, a traditional Kerala craft proudly protected by a Geographical Indication registration. Each piece reflects the region’s rich artisanal heritage, blending intricate handwork with functional elegance that brings a warm, authentic touch to any space. Experience the artistry that makes Kerala’s homes uniquely inviting."
Balaramapuram Sarees And Fine Cotton Fabrics,Handicraft,Kerala,,"Geographical Indication (GI) registered traditional handicraft of Kerala, officially recognised under India's GI Registry (ipindia.gov.in).",8.416700,77.000000,https://upload.wikimedia.org/wikipedia/commons/e/ef/Sarees_design_wall_painting.jpg?utm_source=commons.wikimedia.org&utm_campaign=imageinfo&utm_content=original,GI,"Discover the timeless elegance of Balaramapuram Sarees and Fine Cotton Fabrics, a cherished Kerala tradition proudly protected by a Geographical Indication. Each piece reflects the region’s skilled artisanship, weaving soft, breathable cotton into vibrant patterns that celebrate local heritage. Feel the heritage come alive as you explore these exquisite, hand‑crafted treasures."
Kasaragod Sarees,Handicraft,Kerala,,"Geographical Indication (GI) registered traditional handicraft of Kerala, officially recognised under India's GI Registry (ipindia.gov.in).",12.499600,74.986900,https://upload.wikimedia.org/wikipedia/commons/4/48/Saree_of_Kasaragod.jpg?utm_source=en.wikipedia.org&utm_campaign=api&utm_content=original,GI,"Discover the vibrant Kasaragod Sarees, a GI‑registered treasure from Kerala where each hand‑woven masterpiece blends centuries‑old techniques with the region’s rich colors and motifs. As you explore, feel the pride of local artisans woven into every thread, making each saree a living piece of cultural heritage."
Kuthampully Sarees,Handicraft,Kerala,,"Geographical Indication (GI) registered traditional handicraft of Kerala, officially recognised under India's GI Registry (ipindia.gov.in).",10.616700,76.416700,https://upload.wikimedia.org/wikipedia/commons/f/f2/Hand_loom_in_Devikapuram.jpg?utm_source=en.wikipedia.org&utm_campaign=api&utm_content=original,GI,"Discover the exquisite Kuthampully Sarees, a cherished traditional handicraft from Kerala that proudly carries a Geographical Indication (GI) registration, marking its authentic heritage. Each handwoven masterpiece reflects the region’s rich cultural tapestry, inviting you to experience the timeless elegance woven into every thread."
Chendamangalam Dhoties & Set Mundu,Handicraft,Kerala,,"Geographical Indication (GI) registered traditional handicraft of Kerala, officially recognised under India's GI Registry (ipindia.gov.in).",10.166700,76.200000,https://upload.wikimedia.org/wikipedia/commons/a/ab/Chekutty_2.jpg?utm_source=en.wikipedia.org&utm_campaign=api&utm_content=original,GI,"Discover the vibrant charm of Chendamangalam Dhoties & Set Mundu, a beautifully woven traditional craft from Kerala that proudly carries a Geographical Indication tag. Each piece reflects the region’s rich heritage, inviting you to experience the colorful artistry and cultural pride woven into every thread."
Kannadippaya Bamboo Mat,Handicraft,Kerala,,"Geographical Indication (GI) registered traditional handicraft of Kerala, officially recognised under India's GI Registry (ipindia.gov.in).",10.850500,76.271100,https://upload.wikimedia.org/wikipedia/commons/7/71/Bamboo_mat.jpg?utm_source=commons.wikimedia.org&utm_campaign=imageinfo&utm_content=original,GI,"Discover the timeless charm of the Kannadippaya Bamboo Mat, a beautifully woven treasure from Kerala that carries the honor of a Geographical Indication registration. Handcrafted with skillful precision, each mat reflects the region’s rich tradition and natural elegance, inviting you to bring a piece of authentic Kerala heritage into your home."
Pashmina Wool of Ladakh,Handicraft,Ladakh,,"Geographical Indication (GI) registered traditional handicraft of Ladakh, officially recognised under India's GI Registry (ipindia.gov.in).",34.152600,77.577100,https://upload.wikimedia.org/wikipedia/commons/0/01/Kaschmirschal_1.jpg?utm_source=en.wikipedia.org&utm_campaign=api&utm_content=original,GI,"Wrap yourself in the luxurious softness of Ladakh’s Pashmina wool, a Geographical Indication‑registered treasure that carries the chill‑kissed breezes and vibrant heritage of the high Himalayas. Each hand‑spun, hand‑woven piece reflects centuries‑old craftsmanship, inviting you to experience the warmth and timeless artistry of this iconic Indian handicraft."
Ladakh Shingskos Wood Carving,Handicraft,Ladakh,,"Geographical Indication (GI) registered traditional handicraft of Ladakh, officially recognised under India's GI Registry (ipindia.gov.in).",34.152600,77.577100,https://upload.wikimedia.org/wikipedia/commons/c/c1/Zanskar_yapola_river.jpg?utm_source=en.wikipedia.org&utm_campaign=api&utm_content=original,GI,"Discover the intricate charm of Ladakh Shingskos Wood Carving, a GI‑registered treasure that captures the spirit of the high Himalayas in every delicately hand‑carved detail. As you explore, let the timeless patterns and skilled craftsmanship invite you into Ladakh’s rich cultural heritage, turning each piece into a warm keepsake of this remarkable region."
Chanderi Sarees,Handicraft,Madhya Pradesh,,"Geographical Indication (GI) registered traditional handicraft of Madhya Pradesh, officially recognised under India's GI Registry (ipindia.gov.in).",24.716700,78.133300,https://upload.wikimedia.org/wikipedia/commons/f/f2/Hand_loom_in_Devikapuram.jpg?utm_source=en.wikipedia.org&utm_campaign=api&utm_content=original,GI,"Discover the timeless elegance of Chanderi Sarees, a Geographical Indication‑registered treasure from Madhya Pradesh that weaves together centuries‑old craftsmanship and delicate, airy fabrics. Each hand‑crafted piece reflects the region’s rich heritage, inviting you to drape yourself in a living piece of Indian tradition."
Leather Toys of Indore,Handicraft,Madhya Pradesh,,"Geographical Indication (GI) registered traditional handicraft of Madhya Pradesh, officially recognised under India's GI Registry (ipindia.gov.in).",22.719600,75.857700,https://handicrafts.nic.in/crafts/All_Crafts/Craft_Categories/Miscellaneous/Figurines%26Toys/leather_toys_of_indore/Image_Gallery/Lea_I01.jpg,GI,"Discover the charming Leather Toys of Indore, a beloved traditional handicraft from Madhya Pradesh that brings playful artistry to life. Each handcrafted piece reflects generations of skill and is proudly protected as a Geographical Indication (GI) registered treasure, celebrated in India's official GI Registry. Let these delightful toys add a touch of cultural wonder to your journey."
Bagh Prints of Madhya Pradesh,Handicraft,Madhya Pradesh,,"Geographical Indication (GI) registered traditional handicraft of Madhya Pradesh, officially recognised under India's GI Registry (ipindia.gov.in).",22.366700,74.750000,https://upload.wikimedia.org/wikipedia/commons/6/68/India-5749_-_Visvanatha_Temple_-_Flickr_-_archer10_%28Dennis%29.jpg?utm_source=en.wikipedia.org&utm_campaign=api&utm_content=original,GI,"Discover the timeless charm of Bagh Prints, a traditional handicraft from Madhya Pradesh proudly protected by a Geographical Indication registration. Its beautifully hand‑crafted designs reflect the rich cultural heritage of the region, inviting you to bring a piece of authentic Indian artistry home. Explore the vibrant world of Bagh Prints and experience the skill and tradition woven into every piece."
Bell Metal Ware of Datia and Tikamgarh,Handicraft,Madhya Pradesh,,"Geographical Indication (GI) registered traditional handicraft of Madhya Pradesh, officially recognised under India's GI Registry (ipindia.gov.in).",25.666700,78.466700,https://handicrafts.nic.in/crafts/All_Crafts/Craft_Categories/Metal/Brass_metal_craft/Bell_Metal_Ware_of_Datia_and_Tikamgarh/Image_Gallery/Bel_I01.jpg,GI,"Discover the timeless charm of Bell Metal Ware from Datia and Tikamgarh, a GI‑registered treasure of Madhya Pradesh that brings centuries‑old craftsmanship to life. Each piece, forged from resonant bell metal, reflects the region’s rich heritage and the skilled hands that shape it, inviting you to take home a slice of authentic Indian artistry."
Maheshwar Sarees & Fabrics,Handicraft,Madhya Pradesh,,"Geographical Indication (GI) registered traditional handicraft of Madhya Pradesh, officially recognised under India's GI Registry (ipindia.gov.in).",22.183300,75.583300,https://upload.wikimedia.org/wikipedia/commons/3/39/Maheshwar_fort.JPG?utm_source=en.wikipedia.org&utm_campaign=api&utm_content=original,GI,"Discover the timeless elegance of Maheshwar Sarees & Fabrics, a GI‑registered treasure from Madhya Pradesh that weaves together centuries‑old artistry and vibrant local culture. Each hand‑crafted piece reflects the region’s rich heritage, inviting you to drape yourself in the colors and stories of this celebrated Indian tradition."
Gond Painting of Madhya Pradesh,Handicraft,Madhya Pradesh,,"Geographical Indication (GI) registered traditional handicraft of Madhya Pradesh, officially recognised under India's GI Registry (ipindia.gov.in).",22.973400,78.656900,https://upload.wikimedia.org/wikipedia/commons/e/ee/Tribes_of_Madhya_Pradesh_001.jpg?utm_source=en.wikipedia.org&utm_campaign=api&utm_content=original,GI,"Discover the vibrant world of Gond Painting, a cherished traditional handicraft from Madhya Pradesh that proudly carries a Geographical Indication (GI) tag. Each brushstroke tells a story of tribal artistry, inviting you to explore the rich cultural tapestry woven into every colorful masterpiece."
Wrought Iron Crafts of Dindori,Handicraft,Madhya Pradesh,,"Geographical Indication (GI) registered traditional handicraft of Madhya Pradesh, officially recognised under India's GI Registry (ipindia.gov.in).",22.941700,81.078100,https://upload.wikimedia.org/wikipedia/commons/8/81/Wrought_iron_craft_from_Barga-Dindori_by_Agariya_tribe_of_Madhya_Pradesh._IMG_8565_01.jpg?utm_source=commons.wikimedia.org&utm_campaign=imageinfo&utm_content=original,GI,"Discover the timeless allure of Dindori’s wrought‑iron crafts, a GI‑registered treasure of Madhya Pradesh that blends skilled artistry with centuries‑old tradition. Each handcrafted piece— from graceful lanterns to sturdy décor— reflects the region’s rich cultural heritage, inviting you to bring a touch of authentic Indian craftsmanship into your home."
Ujjain Batik Print,Handicraft,Madhya Pradesh,,"Geographical Indication (GI) registered traditional handicraft of Madhya Pradesh, officially recognised under India's GI Registry (ipindia.gov.in).",23.176500,75.788500,https://handicrafts.nic.in/crafts/All_Crafts/Craft_Categories/Textile/Hand_Block_Printing/Ujjain_batik_print/Image_Gallery/Ujj_I01.jpg,GI,"Discover the vibrant charm of Ujjain Batik Print, a traditional handicraft from Madhya Pradesh proudly bearing a Geographical Indication (GI) registration. Each piece reflects the region’s rich artistic heritage, recognized officially in India’s GI Registry, and invites you to bring a splash of authentic color and culture into your life."
Gwalior Handmade Carpet,Handicraft,Madhya Pradesh,,"Geographical Indication (GI) registered traditional handicraft of Madhya Pradesh, officially recognised under India's GI Registry (ipindia.gov.in).",26.218300,78.182800,https://handicrafts.nic.in/crafts/All_Crafts/Craft_Categories/Textile/Carpet_Rugs_and_Durries/Gwalior_Handmade_Carpet/Image_Gallery/Gwa_I01.jpg,GI,"Discover the vibrant artistry of the Gwalior Handmade Carpet, a GI‑registered treasure woven in the heart of Madhya Pradesh. Each rug reflects centuries‑old techniques and the region’s rich cultural palette, inviting you to step onto a piece of living heritage. Feel the texture, admire the intricate patterns, and take home a slice of India’s celebrated craftsmanship."
Waraseoni Handloom Saree & Fabrics,Handicraft,Madhya Pradesh,,"Geographical Indication (GI) registered traditional handicraft of Madhya Pradesh, officially recognised under India's GI Registry (ipindia.gov.in).",21.766700,80.100000,https://upload.wikimedia.org/wikipedia/commons/f/f1/A_man_weaving_the_famous_handloom_Chanderi_Saree.jpg?utm_source=commons.wikimedia.org&utm_campaign=imageinfo&utm_content=original,GI,"Discover the vibrant charm of Waraseoni Handloom Sarees and Fabrics, a treasured traditional craft from Madhya Pradesh that proudly carries a Geographical Indication (GI) registration. Each piece reflects the region’s rich weaving heritage, offering visitors a colorful glimpse into authentic Indian artistry. Experience the elegance of these hand‑crafted textiles and take home a slice of Madhya Pradesh’s cultural legacy."
Jabalpur Stone Craft,Handicraft,Madhya Pradesh,,"Geographical Indication (GI) registered traditional handicraft of Madhya Pradesh, officially recognised under India's GI Registry (ipindia.gov.in).",23.181500,79.986400,https://upload.wikimedia.org/wikipedia/commons/6/62/Marble_Rocks_-_Jabalpur.jpg?utm_source=en.wikipedia.org&utm_campaign=api&utm_content=original,GI,"Discover the timeless elegance of Jabalpur Stone Craft, a cherished traditional art from Madhya Pradesh that proudly carries a Geographical Indication (GI) registration. Each hand-carved piece reflects the region’s rich heritage, offering visitors a unique glimpse into the skilled craftsmanship that has been officially recognized across India. Feel the connection to centuries of artistry as you explore these beautiful stone creations."
Chhatarpur Furniture,Handicraft,Madhya Pradesh,,"Geographical Indication (GI) registered traditional handicraft of Madhya Pradesh, officially recognised under India's GI Registry (ipindia.gov.in).",24.917700,79.594100,https://upload.wikimedia.org/wikipedia/commons/5/55/Khajuraho_Airport_2022-11-19_5.jpg?utm_source=en.wikipedia.org&utm_campaign=api&utm_content=original,GI,"Discover the timeless elegance of Chhatarpur Furniture, a traditional handicraft from Madhya Pradesh proudly protected by a Geographical Indication (GI) registration. Each piece reflects the region’s rich heritage and masterful craftsmanship, inviting you to bring a touch of authentic Indian artistry into your home. Feel the warmth of centuries‑old tradition in every carved detail."
Khajuraho Stone Craft Of Madhya Pradesh,Handicraft,Madhya Pradesh,,"Geographical Indication (GI) registered traditional handicraft of Madhya Pradesh, officially recognised under India's GI Registry (ipindia.gov.in).",24.831800,79.919900,https://upload.wikimedia.org/wikipedia/commons/4/45/Indore_IT_Crystal_Park.jpg?utm_source=en.wikipedia.org&utm_campaign=api&utm_content=original,GI,"Discover the timeless elegance of Khajuraho Stone Craft, a cherished traditional art from Madhya Pradesh that proudly carries a Geographical Indication (GI) tag. Each intricately carved piece reflects the region’s rich heritage, offering visitors a tangible glimpse into the skilled craftsmanship celebrated across India. Let these stone masterpieces inspire your journey through the heart of Indian culture."
Betul Bharewa Metal Craft,Handicraft,Madhya Pradesh,,"Geographical Indication (GI) registered traditional handicraft of Madhya Pradesh, officially recognised under India's GI Registry (ipindia.gov.in).",21.902200,77.899400,https://www.mpinfo.org/mpinfonew/NewsImages/Bhopal/Tuesday%2C%20December%209%2C%202025/Inner-Bhopal091225055503.jpeg,GI,"Discover the shimmering beauty of Betul Bharewa Metal Craft, a GI‑registered treasure from the heart of Madhya Pradesh. Each intricately forged piece reflects centuries‑old artistry, proudly recognized in India's GI Registry, and invites you to bring home a slice of authentic Indian heritage."
Gwalior Papier Mache Craft,Handicraft,Madhya Pradesh,,"Geographical Indication (GI) registered traditional handicraft of Madhya Pradesh, officially recognised under India's GI Registry (ipindia.gov.in).",26.218300,78.182800,https://upload.wikimedia.org/wikipedia/commons/2/23/Calcutta%2C_Palast_des_Maharadschah_v._Gwalior%2C_RP-F-F25684-G.jpg?utm_source=commons.wikimedia.org&utm_campaign=imageinfo&utm_content=original,GI,"Discover the vibrant charm of Gwalior Papier Mache Craft, a lovingly hand‑crafted tradition from Madhya Pradesh that has earned Geographical Indication status and official recognition in India’s GI Registry. Each delicate, painted piece showcases the region’s artistic flair, inviting you to take home a unique slice of cultural heritage."
Gwalior Stone Craft,Handicraft,Madhya Pradesh,,"Geographical Indication (GI) registered traditional handicraft of Madhya Pradesh, officially recognised under India's GI Registry (ipindia.gov.in).",26.218300,78.182800,https://upload.wikimedia.org/wikipedia/commons/1/15/Gwalior_Fort_front.jpg?utm_source=en.wikipedia.org&utm_campaign=api&utm_content=original,GI,"Discover the timeless beauty of Gwalior Stone Craft, a traditional handicraft from Madhya Pradesh proudly protected by a Geographical Indication registration. Each piece reflects the skilled hands of local artisans, turning stone into elegant, intricate works of art that capture the region’s rich cultural heritage. Explore this unique craft and take home a genuine slice of Indian tradition."
Solapur Chaddar,Handicraft,Maharashtra,,"Geographical Indication (GI) registered traditional handicraft of Maharashtra, officially recognised under India's GI Registry (ipindia.gov.in).",17.659900,75.906400,https://upload.wikimedia.org/wikipedia/commons/2/2b/Solapur_Municipal_Corporation_building%2C_Indra_Bhuvan_credit_Alka_Kshirsagar.jpg?utm_source=en.wikipedia.org&utm_campaign=api&utm_content=original,GI,"Discover the vibrant Solapur Chaddar, a beautifully woven masterpiece from Maharashtra that proudly carries a Geographical Indication (GI) tag, celebrating its authentic regional heritage. Each hand‑crafted piece reflects generations of skill, offering visitors a colorful glimpse into the state’s rich textile tradition. Feel the warmth of local artistry as you explore this iconic, officially recognised craft."
Solapur Terry Towel,Handicraft,Maharashtra,,"Geographical Indication (GI) registered traditional handicraft of Maharashtra, officially recognised under India's GI Registry (ipindia.gov.in).",17.659900,75.906400,https://upload.wikimedia.org/wikipedia/commons/6/6d/Frottee-Handtuch.jpg?utm_source=en.wikipedia.org&utm_campaign=api&utm_content=original,GI,"Discover the soft charm of Solapur Terry Towels, a time‑honored craft from Maharashtra that carries the prestigious Geographical Indication tag. Each hand‑woven towel blends vibrant colors and plush texture, reflecting the skill of local artisans and the region’s rich textile heritage. Bring home a piece of this living tradition and feel the warmth of Solapur’s culture in every stitch."
Puneri Pagadi,Handicraft,Maharashtra,,"Geographical Indication (GI) registered traditional handicraft of Maharashtra, officially recognised under India's GI Registry (ipindia.gov.in).",18.520400,73.856700,https://upload.wikimedia.org/wikipedia/commons/7/7f/Mahadev_Govind_Ranade.jpg?utm_source=en.wikipedia.org&utm_campaign=api&utm_content=original,GI,"Discover the elegant Puneri Pagadi, a beautifully crafted traditional headwear from Maharashtra that proudly carries a Geographical Indication tag. Recognised by India’s GI Registry, each Pagadi reflects the region’s rich cultural heritage and skilled artistry, making it a perfect keepsake for anyone wanting to bring a touch of authentic Indian tradition home."
Paithani Sarees And Fabrics,Handicraft,Maharashtra,,"Geographical Indication (GI) registered traditional handicraft of Maharashtra, officially recognised under India's GI Registry (ipindia.gov.in).",19.076000,72.877700,https://upload.wikimedia.org/wikipedia/commons/0/03/Paithani_Bridal_Sari_LACMA_M.75.4.23_%282_of_2%29.jpg?utm_source=en.wikipedia.org&utm_campaign=api&utm_content=original,GI,"Discover the radiant elegance of Paithani Sarees and Fabrics, a cherished Maharashtrian tradition celebrated with Geographical Indication status. Each piece weaves together centuries‑old artistry and vibrant motifs, inviting you to experience the timeless beauty of India’s cultural heritage. Let the rich colors and intricate designs of Paithani inspire your journey."
Sawantwadi Ganjifa Cards,Handicraft,Maharashtra,,"Geographical Indication (GI) registered traditional handicraft of Maharashtra, officially recognised under India's GI Registry (ipindia.gov.in).",15.900000,73.816700,https://upload.wikimedia.org/wikipedia/commons/a/a4/Ten_Playing_Cards_%28Ganjifa%29_LACMA_M.2001.210.4.1-.10.jpg?utm_source=en.wikipedia.org&utm_campaign=api&utm_content=original,GI,"Discover the vibrant world of Sawantwadi Ganjifa Cards, a beautifully hand‑painted traditional craft from Maharashtra that proudly carries a Geographical Indication tag. Each card bursts with intricate designs and centuries‑old artistry, inviting you to hold a piece of living heritage in your hands. Feel the cultural spirit of the region come alive with every colorful detail."
Karvath Kati Sarees And Fabrics,Handicraft,Maharashtra,,"Geographical Indication (GI) registered traditional handicraft of Maharashtra, officially recognised under India's GI Registry (ipindia.gov.in).",19.076000,72.877700,https://pbs.twimg.com/media/DiYOHKpUwAEbNL7.jpg,GI,"Discover the vibrant heritage of Maharashtra through the exquisite Karvath Kati Sarees and Fabrics, a traditional handicraft proudly recognized with a Geographical Indication (GI) registration. Each piece reflects the region’s rich artistry and timeless craftsmanship, inviting you to experience the colorful spirit of Indian culture woven into every thread."
Miraj Tanpura,Handicraft,Maharashtra,,"Geographical Indication (GI) registered traditional handicraft of Maharashtra, officially recognised under India's GI Registry (ipindia.gov.in).",16.830000,74.640000,https://upload.wikimedia.org/wikipedia/commons/2/24/Mirajmarketnorth.jpg?utm_source=en.wikipedia.org&utm_campaign=api&utm_content=original,GI,"Discover the Miraj Tanpura, a beautifully crafted traditional instrument from Maharashtra that proudly carries a Geographical Indication (GI) tag, celebrating its authentic regional heritage. Each piece is hand‑made with meticulous care, reflecting the timeless artistry and cultural spirit of the state, making it a perfect keepsake for any traveler eager to bring home a slice of Indian tradition."
Hupari Silver Craft,Handicraft,Maharashtra,,"Geographical Indication (GI) registered traditional handicraft of Maharashtra, officially recognised under India's GI Registry (ipindia.gov.in).",16.783300,74.450000,https://handicrafts.nic.in/crafts/All_Crafts/Craft_Categories/Metal/Silver_Metal/Hupari_Silver_Craft/Image_Gallery/Hup_I01.png,GI,"Discover the shimmering elegance of Hupari Silver Craft, a GI‑registered treasure from Maharashtra that has been lovingly hand‑crafted for generations. Each delicate piece reflects the region’s rich artistic legacy, making it a perfect souvenir to carry a touch of Indian tradition home."
Miraj Sitar,Handicraft,Maharashtra,,"Geographical Indication (GI) registered traditional handicraft of Maharashtra, officially recognised under India's GI Registry (ipindia.gov.in).",16.830000,74.640000,https://upload.wikimedia.org/wikipedia/commons/2/24/Mirajmarketnorth.jpg?utm_source=en.wikipedia.org&utm_campaign=api&utm_content=original,GI,"Discover the exquisite Miraj Sitar, a cherished traditional handicraft from Maharashtra that proudly carries a Geographical Indication (GI) registration, marking its unique cultural heritage. Each piece reflects the skilled artistry of local craftsmen, offering visitors a tangible slice of Indian tradition to admire and take home."
Sawantwadi Wooden Craft,Handicraft,Maharashtra,,"Geographical Indication (GI) registered traditional handicraft of Maharashtra, officially recognised under India's GI Registry (ipindia.gov.in).",15.900000,73.816700,https://upload.wikimedia.org/wikipedia/commons/e/ed/A_floral_hand-painted_design_on_traditional_wooden_craft_at_Sawantwadi_Rajwada.jpg?utm_source=commons.wikimedia.org&utm_campaign=imageinfo&utm_content=original,GI,"Discover the timeless charm of Sawantwadi Wooden Craft, a GI‑registered traditional handicraft from Maharashtra. Each hand‑carved piece reflects generations of skilled artisans, turning simple wood into vibrant, intricate works that bring a slice of Indian heritage into your home. Visit the workshops and feel the warm glow of tradition come alive."
Pen Ganesh Idol,Handicraft,Maharashtra,,"Geographical Indication (GI) registered traditional handicraft of Maharashtra, officially recognised under India's GI Registry (ipindia.gov.in).",18.733300,73.083300,https://upload.wikimedia.org/wikipedia/commons/f/fe/Beth-Ha-Elohim.JPG?utm_source=en.wikipedia.org&utm_campaign=imageinfo&utm_content=original,GI,"Discover the charming Pen Ganesh Idol, a beautifully crafted symbol of devotion that hails from Maharashtra’s rich artistic heritage. This traditional handicraft, proudly registered under India’s Geographical Indication registry, showcases the skill and devotion of local artisans, making each piece a unique treasure for visitors to cherish."
Kavdi Maal of Tuljapur,Handicraft,Maharashtra,,"Geographical Indication (GI) registered traditional handicraft of Maharashtra, officially recognised under India's GI Registry (ipindia.gov.in).",18.009100,76.067200,https://handicrafts.nic.in/crafts/All_Crafts/Craft_Categories/Miscellaneous/Other_Crafts/Kavdi_Maal_of_Tuljapur/Image_Gallery/Kav_I01.png,GI,"Discover the vibrant Kavdi Maal of Tuljapur, a beautifully woven traditional handicraft proudly bearing a Geographical Indication tag from Maharashtra. Each piece reflects the region’s rich cultural heritage and the skilled artistry of local weavers, making it a perfect, authentic souvenir to cherish from your travels."
Shaphee Lanphee,Handicraft,Manipur,,"Geographical Indication (GI) registered traditional handicraft of Manipur, officially recognised under India's GI Registry (ipindia.gov.in).",24.817000,93.936800,https://img.indiahandmade.com/catalog/product/cache/dee0bc41489afb86ae85561eae1bc64e/w/h/whatsapp_image_2025-05-15_at_15.01.01.jpg,GI,"Discover the vibrant artistry of Shaphee Lanphee, a cherished traditional handicraft from Manipur that proudly bears a Geographical Indication (GI) registration. Each intricately woven piece reflects the region’s rich cultural heritage, inviting you to experience the timeless beauty woven into every thread. Feel the spirit of Manipur come alive as you explore this uniquely celebrated craft."
Wangkhei Phee,Handicraft,Manipur,,"Geographical Indication (GI) registered traditional handicraft of Manipur, officially recognised under India's GI Registry (ipindia.gov.in).",24.817000,93.936800,https://upload.wikimedia.org/wikipedia/commons/c/c7/Wangkhei_Phee.png?utm_source=en.wikipedia.org&utm_campaign=api&utm_content=original,GI,"Discover the exquisite charm of Wangkhei Phee, a traditional handicraft from Manipur that proudly carries a Geographical Indication (GI) registration, marking it as a uniquely regional treasure. Each piece reflects the skilled artistry and cultural heritage of the area, inviting you to bring a touch of Manipur’s timeless elegance into your own story."
Meghalaya Garo Textile,Handicraft,Meghalaya,,"Geographical Indication (GI) registered traditional handicraft of Meghalaya, officially recognised under India's GI Registry (ipindia.gov.in).",25.578800,91.893300,https://upload.wikimedia.org/wikipedia/commons/e/ed/West_Garo_Hills_View_Sasatgre_Oct24_A7CR_03240-Pano.jpg?utm_source=en.wikipedia.org&utm_campaign=api&utm_content=original,GI,"Discover the vibrant Meghalaya Garo Textile, a GI‑registered traditional craft woven by the Garo community in the mist‑kissed hills of Meghalaya. Each hand‑crafted piece bursts with intricate patterns and natural colors that tell stories of the region’s rich cultural heritage, inviting you to take a piece of the hills home."
Meghalaya Lyrnai Pottery,Handicraft,Meghalaya,,"Geographical Indication (GI) registered traditional handicraft of Meghalaya, officially recognised under India's GI Registry (ipindia.gov.in).",25.578800,91.893300,https://meghtour.web-assets.org/cdn-cgi/image/format%3Dauto%2Cwidth%3D1200%2Cquality%3D100%2Cfit%3Dscale-down%2Cslow-connection-quality%3D45/overview/larnai-1.webp,GI,"Discover the vibrant charm of Meghalaya Lyrnai Pottery, a cherished traditional craft proudly registered under India's Geographical Indication registry. Each handcrafted piece reflects the rich cultural heritage of Meghalaya, inviting you to take home a slice of its timeless artistry."
Meghalaya Ryndia Textile,Handicraft,Meghalaya,,"Geographical Indication (GI) registered traditional handicraft of Meghalaya, officially recognised under India's GI Registry (ipindia.gov.in).",25.578800,91.893300,https://upload.wikimedia.org/wikipedia/commons/4/49/Ryndia.jpg?utm_source=commons.wikimedia.org&utm_campaign=imageinfo&utm_content=original,GI,"Discover the vibrant Meghalaya Ryndia Textile, a cherished traditional handicraft woven with centuries‑old techniques and proudly registered under India’s Geographical Indication registry. Each hand‑crafted piece reflects the rich cultural tapestry of Meghalaya, inviting you to bring a touch of its colorful heritage home."
Meghalaya Khasi Handloom Products,Handicraft,Meghalaya,,"Geographical Indication (GI) registered traditional handicraft of Meghalaya, officially recognised under India's GI Registry (ipindia.gov.in).",25.578800,91.893300,https://upload.wikimedia.org/wikipedia/commons/6/6c/Nuranang_Waterfall.jpg?utm_source=en.wikipedia.org&utm_campaign=api&utm_content=original,GI,"Discover the vibrant Meghalaya Khasi Handloom Products, a cherished traditional craft woven by skilled artisans of the Khasi community and proudly protected as a Geographical Indication (GI) in India’s official registry. Each piece reflects the rich cultural heritage of Meghalaya, offering travelers a unique, authentic souvenir that carries the spirit of the hills and the artistry of its people."
Tawlhlohpuan,Handicraft,Mizoram,,"Geographical Indication (GI) registered traditional handicraft of Mizoram, officially recognised under India's GI Registry (ipindia.gov.in).",23.727100,92.717600,https://upload.wikimedia.org/wikipedia/commons/6/63/Tawlhlohpuan_Pattern_Digitized.png?utm_source=commons.wikimedia.org&utm_campaign=imageinfo&utm_content=original,GI,"Discover the vibrant charm of Tawlhlohpuan, Mizoram’s cherished traditional handicraft proudly protected by a Geographical Indication registration. Each piece reflects the region’s rich cultural heritage, inviting you to take home a genuine slice of Mizoram’s artistry. Feel the warmth of local craftsmanship as you explore this uniquely celebrated treasure."
Mizo Puanchei,Handicraft,Mizoram,,"Geographical Indication (GI) registered traditional handicraft of Mizoram, officially recognised under India's GI Registry (ipindia.gov.in).",23.727100,92.717600,https://upload.wikimedia.org/wikipedia/commons/0/0f/Pranab_Mukherjee_presenting_the_Nari_Shakti_Puruskars_for_the_year_2016_to_Mizo_Hmeichhe_Insuikhawm_Pawi_%28M.H.I.P%29%2C_Mizoram%2C_at_a_function%2C_on_the_occasion_of_the_International_Women%E2%80%99s_Day%2C_at_Rashtrapati_Bhavan%2C_in_New_Delhi.jpg?utm_source=en.wikipedia.org&utm_campaign=api&utm_content=original,GI,"Discover the vibrant artistry of Mizo Puanchei, a traditional handicraft proudly bearing a Geographical Indication tag from Mizoram. Each piece reflects the region’s rich cultural heritage, expertly crafted and officially recognized in India’s GI Registry, making it a unique keepsake for any traveler. Let the intricate designs and heartfelt craftsmanship of Mizo Puanchei bring a touch of Mizoram’s spirit into your journey."
Pawndum,Handicraft,Mizoram,,"Geographical Indication (GI) registered traditional handicraft of Mizoram, officially recognised under India's GI Registry (ipindia.gov.in).",23.727100,92.717600,https://live.staticflickr.com/65535/55204650104_e8d1213872_b.jpg,GI,"Discover the vibrant charm of Pawndum, a traditional Mizoram handicraft proudly bearing a Geographical Indication (GI) registration and recognized by India’s GI Registry. Each piece reflects the skilled artistry and cultural heritage of the region, inviting you to bring home a genuine slice of Mizoram’s creative spirit."
Ngotekherh,Handicraft,Mizoram,,"Geographical Indication (GI) registered traditional handicraft of Mizoram, officially recognised under India's GI Registry (ipindia.gov.in).",23.727100,92.717600,https://upload.wikimedia.org/wikipedia/commons/6/63/Tawlhlohpuan_Pattern_Digitized.png?utm_source=en.wikipedia.org&utm_campaign=api&utm_content=original,GI,"Discover the vibrant charm of Ngotekherh, a traditional Mizoram handicraft proudly bearing a Geographical Indication (GI) registration and officially recognized by India’s GI Registry. Each piece reflects the skill and cultural heritage of local artisans, inviting you to bring a touch of authentic Mizo artistry into your world. Feel the warmth of Mizoram’s craftsmanship as you explore this unique, lovingly crafted treasure."
Hmaram,Handicraft,Mizoram,,"Geographical Indication (GI) registered traditional handicraft of Mizoram, officially recognised under India's GI Registry (ipindia.gov.in).",23.727100,92.717600,https://upload.wikimedia.org/wikipedia/commons/5/52/Mizo_girls_in_Mizo_traditional_dress.jpg?utm_source=commons.wikimedia.org&utm_campaign=imageinfo&utm_content=original,GI,"Discover the exquisite Hmaram, a traditional handicraft from Mizoram that proudly carries a Geographical Indication (GI) registration, marking its authentic roots and cultural significance. Each piece reflects the skilled artistry of local artisans, offering visitors a genuine taste of Mizoram’s rich heritage to cherish and take home."
Chakhesang Shawl,Handicraft,Nagaland,,"Geographical Indication (GI) registered traditional handicraft of Nagaland, officially recognised under India's GI Registry (ipindia.gov.in).",25.675100,94.108600,https://upload.wikimedia.org/wikipedia/commons/f/f7/Embroidered_textile_from_Nagaland%2C_Honolulu_Museum_of_Art_13688.1.JPG?utm_source=en.wikipedia.org&utm_campaign=imageinfo&utm_content=original,GI,"Wrap yourself in the vibrant heritage of Nagaland with a Chakhesang Shawl, a beautifully hand‑woven masterpiece that carries the pride of its people. Recognised under India’s Geographical Indication registry, each shawl reflects centuries‑old craftsmanship and the region’s rich cultural tapestry, inviting you to experience a living tradition with every stitch."
Kotpad Handloom Fabric,Handicraft,Odisha,,"Geographical Indication (GI) registered traditional handicraft of Odisha, officially recognised under India's GI Registry (ipindia.gov.in).",19.150000,82.316700,https://upload.wikimedia.org/wikipedia/commons/7/78/Konark_Sun_Temple_Wheel.jpg?utm_source=en.wikipedia.org&utm_campaign=imageinfo&utm_content=original,GI,"Discover the vibrant world of Kotpad Handloom Fabric, a cherished traditional craft from Odisha that proudly carries a Geographical Indication (GI) tag. Each hand‑woven piece reflects the region’s rich cultural heritage, using natural dyes and time‑honored techniques that bring a splash of authentic color to everyday life. Experience the artistry that has earned national recognition and let its timeless beauty inspire your journey."
Orissa Ikat,Handicraft,Odisha,,"Geographical Indication (GI) registered traditional handicraft of Odisha, officially recognised under India's GI Registry (ipindia.gov.in).",20.296100,85.824500,https://upload.wikimedia.org/wikipedia/commons/e/e5/Sambalpuri_sari_DSC_0496.JPG?utm_source=en.wikipedia.org&utm_campaign=api&utm_content=original,GI,"Step into the vibrant world of Orissa Ikat, a traditional weaving art from Odisha that proudly carries a Geographical Indication tag. Each hand‑woven fabric bursts with intricate, dye‑resist patterns that reflect the region’s rich cultural tapestry, inviting you to take home a piece of authentic Indian artistry."
Khandua Saree And Fabrics,Handicraft,Odisha,,"Geographical Indication (GI) registered traditional handicraft of Odisha, officially recognised under India's GI Registry (ipindia.gov.in).",20.296100,85.824500,https://upload.wikimedia.org/wikipedia/commons/6/63/BD_Tangail_3.JPG?utm_source=en.wikipedia.org&utm_campaign=api&utm_content=original,GI,"Discover the timeless elegance of Odisha’s Khandua Saree and Fabrics, a GI‑registered treasure celebrated for its intricate handwoven designs and vibrant heritage. Each piece reflects the skilled artistry of local weavers, offering a unique glimpse into the cultural tapestry of this coastal state. Let the rich colors and delicate motifs of Khandua invite you to experience a living tradition that’s both beautiful and authentically Indian."
Gopalpur Tussar Fabrics,Handicraft,Odisha,,"Geographical Indication (GI) registered traditional handicraft of Odisha, officially recognised under India's GI Registry (ipindia.gov.in).",19.266700,84.900000,https://upload.wikimedia.org/wikipedia/commons/d/dc/Tussar_Fabrics.jpg?utm_source=en.wikipedia.org&utm_campaign=api&utm_content=original,GI,"Discover the vibrant charm of Gopalpur Tussar Fabrics, a GI‑registered traditional handicraft woven in the heart of Odisha. Each hand‑crafted piece reflects centuries‑old artistry, showcasing the region’s rich cultural tapestry in every graceful thread. Experience the timeless elegance of these exquisite textiles as you explore the soul of Odisha."
Dhalapathar Parda & Fabrics,Handicraft,Odisha,,"Geographical Indication (GI) registered traditional handicraft of Odisha, officially recognised under India's GI Registry (ipindia.gov.in).",20.296100,85.824500,https://upload.wikimedia.org/wikipedia/commons/7/78/Konark_Sun_Temple_Wheel.jpg?utm_source=en.wikipedia.org&utm_campaign=imageinfo&utm_content=original,GI,"Discover the vibrant world of Dhalapathar Parda & Fabrics, a cherished traditional handicraft from Odisha that proudly carries a Geographical Indication tag. Each piece reflects the region’s rich cultural heritage, woven with skill and color that invites you to take a piece of Odisha’s artistry home."
Sambalpuri Bandha Saree & Fabrics,Handicraft,Odisha,,"Geographical Indication (GI) registered traditional handicraft of Odisha, officially recognised under India's GI Registry (ipindia.gov.in).",21.466900,83.975600,https://upload.wikimedia.org/wikipedia/commons/5/5b/Sambalpuri_saree1.jpg?utm_source=en.wikipedia.org&utm_campaign=api&utm_content=original,GI,"Discover the vibrant elegance of Sambalpuri Bandha Sarees and fabrics, a cherished traditional handicraft from Odisha that proudly carries a Geographical Indication (GI) registration. Each piece showcases the region’s timeless weaving artistry, inviting you to wrap yourself in the rich cultural heritage of India's eastern coast."
Bomkai Saree & Fabrics,Handicraft,Odisha,,"Geographical Indication (GI) registered traditional handicraft of Odisha, officially recognised under India's GI Registry (ipindia.gov.in).",20.466700,83.166700,https://upload.wikimedia.org/wikipedia/commons/6/63/BD_Tangail_3.JPG?utm_source=en.wikipedia.org&utm_campaign=api&utm_content=original,GI,"Discover the vibrant charm of Odisha’s Bomkai Saree & Fabrics, a cherished traditional handicraft proudly protected by a Geographical Indication (GI) registration. Each piece weaves together centuries‑old motifs and meticulous handwork, offering a living canvas of the region’s artistic heritage. Feel the warmth of Odisha’s culture drape around you as you explore these uniquely beautiful textiles."
Habaspuri Saree & Fabrics,Handicraft,Odisha,,"Geographical Indication (GI) registered traditional handicraft of Odisha, officially recognised under India's GI Registry (ipindia.gov.in).",19.783300,82.783300,https://upload.wikimedia.org/wikipedia/commons/d/d1/HABASPURI_Kalahandi_Sari.jpg?utm_source=en.wikipedia.org&utm_campaign=api&utm_content=original,GI,"Discover the vibrant charm of Habaspuri Saree & Fabrics, a celebrated traditional handicraft from Odisha that proudly carries a Geographical Indication (GI) registration, marking its authentic heritage. Each piece weaves together centuries‑old motifs and the region’s rich cultural tapestry, inviting you to experience the artistry and pride of Odisha’s textile legacy."
Berhampur Patta Phoda Kumbha Saree & Joda,Handicraft,Odisha,,"Geographical Indication (GI) registered traditional handicraft of Odisha, officially recognised under India's GI Registry (ipindia.gov.in).",19.314900,84.794100,https://upload.wikimedia.org/wikipedia/commons/7/78/Konark_Sun_Temple_Wheel.jpg?utm_source=en.wikipedia.org&utm_campaign=imageinfo&utm_content=original,GI,"Discover the radiant beauty of the Berhampur Patta Phoda Kumbha Saree & Joda, a cherished traditional handicraft from Odisha proudly protected by a Geographical Indication tag. Each piece reflects the region’s rich weaving heritage, offering tourists a vibrant glimpse into the artistry and cultural pride woven into every thread."
Kapadaganda Dungaria Kondh Embroidery Shawl,Handicraft,Odisha,,"Geographical Indication (GI) registered traditional handicraft of Odisha, officially recognised under India's GI Registry (ipindia.gov.in).",20.296100,85.824500,https://handicrafts.nic.in/crafts/All_Crafts/Craft_Categories/Textile/Embroidery/Kapadaganda_Dungaria_kondh_Embroidery_Shawl/Image_Gallery/Kapa_I01.png,GI,"Discover the exquisite Kapadaganda Dungaria Kondh Embroidery Shawl, a cherished traditional handicraft from Odisha that proudly carries a Geographical Indication (GI) registration. Each hand‑stitched masterpiece showcases the region’s vibrant heritage, inviting you to wrap yourself in a piece of living culture. Feel the artistry and warmth of Odisha’s skilled artisans with every delicate thread."
Painting of Lanjia Saura IDITAL Odisha,Handicraft,Odisha,,"Geographical Indication (GI) registered traditional handicraft of Odisha, officially recognised under India's GI Registry (ipindia.gov.in).",20.296100,85.824500,https://upload.wikimedia.org/wikipedia/commons/5/53/Lanjia_Saura_woman_in_traditional_jewelry.jpg?utm_source=en.wikipedia.org&utm_campaign=api&utm_content=original,GI,"Discover the vibrant Painting of Lanjia Saura, a cherished traditional handicraft from Odisha that proudly carries a Geographical Indication tag. Each piece reflects the region’s rich artistic heritage, offering a colorful glimpse into the cultural soul of the state. Let this beautifully crafted artwork invite you to explore Odisha’s timeless creativity."
Cuttack Rupa Tarakasi Silver Filigree,Handicraft,Odisha,,"Geographical Indication (GI) registered traditional handicraft of Odisha, officially recognised under India's GI Registry (ipindia.gov.in).",20.462500,85.883000,https://upload.wikimedia.org/wikipedia/commons/3/3d/2-barabati-stadium-cuttack-odisha-city-hero.jpg?utm_source=en.wikipedia.org&utm_campaign=api&utm_content=original,GI,"Discover the dazzling artistry of Cuttack Rupa Tarakasi Silver Filigree, a cherished traditional craft from Odisha that’s proudly GI‑registered. Each delicate, lace‑like silver piece reflects generations of masterful handwork, turning everyday objects into sparkling works of heritage. Let this exquisite filigree charm you as you explore the cultural heart of Cuttack."
Blue Pottery of Jaipur,Handicraft,Rajasthan,,"Geographical Indication (GI) registered traditional handicraft of Rajasthan, officially recognised under India's GI Registry (ipindia.gov.in).",26.912400,75.787300,https://upload.wikimedia.org/wikipedia/commons/a/af/Dr._Bhau_Daji_Lad_Museum_JEG1715.JPG?utm_source=en.wikipedia.org&utm_campaign=api&utm_content=original,GI,"Discover the enchanting Blue Pottery of Jaipur, a centuries‑old craft whose vivid cobalt hues and intricate hand‑painted designs bring Rajasthan’s artistic spirit to life. Proudly recognized with a Geographical Indication, each piece reflects the region’s unique heritage, inviting you to take home a splash of authentic Indian elegance."
Kathputlis of Rajasthan,Handicraft,Rajasthan,,"Geographical Indication (GI) registered traditional handicraft of Rajasthan, officially recognised under India's GI Registry (ipindia.gov.in).",26.912400,75.787300,https://upload.wikimedia.org/wikipedia/commons/e/eb/India_Rajasthan_locator_map.svg?utm_source=en.wikipedia.org&utm_campaign=api&utm_content=original,GI,"Discover the enchanting Kathputlis of Rajasthan—delicately crafted marionette dolls that bring centuries‑old stories to life with every graceful pose. Proudly GI‑registered, these vibrant hand‑made treasures showcase the artistry and cultural heritage of Rajasthan, inviting you to take a piece of its colorful tradition home."
Sanganeri Hand Block Printing,Handicraft,Rajasthan,,"Geographical Indication (GI) registered traditional handicraft of Rajasthan, officially recognised under India's GI Registry (ipindia.gov.in).",26.816700,75.783300,https://upload.wikimedia.org/wikipedia/en/b/bd/Woodblock_Printing_Craft_of_Bagh%2C_Madhya_Pradesh%2C_India.jpg?utm_source=en.wikipedia.org&utm_campaign=api&utm_content=original,GI,"Discover the vibrant world of Sanganeri Hand Block Printing, a centuries‑old craft from Rajasthan celebrated for its bold, intricate patterns and rich colors. Recognised with a Geographical Indication, each hand‑crafted piece tells a story of skillful artisans and the region’s cultural heritage, inviting you to take home a slice of authentic Indian artistry."
Thewa Art Work,Handicraft,Rajasthan,,"Geographical Indication (GI) registered traditional handicraft of Rajasthan, officially recognised under India's GI Registry (ipindia.gov.in).",26.912400,75.787300,https://upload.wikimedia.org/wikipedia/en/0/0b/Thewa.jpg?utm_source=en.wikipedia.org&utm_campaign=api&utm_content=original,GI,"Discover the radiant beauty of Thewa Art Work, a Rajasthan treasure celebrated as a Geographical Indication‑registered handicraft and proudly listed in India’s GI Registry. Each intricate gold‑foil design on vibrant glass showcases centuries‑old craftsmanship, inviting you to hold a piece of living heritage in your hands."
Pokaran Pottery,Handicraft,Rajasthan,,"Geographical Indication (GI) registered traditional handicraft of Rajasthan, officially recognised under India's GI Registry (ipindia.gov.in).",26.916700,71.916700,https://upload.wikimedia.org/wikipedia/commons/e/ed/Pokaran_Pottery.jpg?utm_source=commons.wikimedia.org&utm_campaign=imageinfo&utm_content=original,GI,"Discover the vibrant charm of Pokaran Pottery, a traditional Rajasthani craft proudly bearing a Geographical Indication (GI) registration and recognized by India's GI Registry. Each hand‑crafted piece reflects the region’s rich heritage, inviting you to take home a slice of authentic desert artistry. Feel the warmth of Rajasthan’s culture in every beautifully glazed bowl and decorative vase."
Nathdwara Pichhwai Painting,Handicraft,Rajasthan,,"Geographical Indication (GI) registered traditional handicraft of Rajasthan, officially recognised under India's GI Registry (ipindia.gov.in).",24.933300,73.833300,https://upload.wikimedia.org/wikipedia/commons/c/ca/Nathdwara_srinathji.jpg?utm_source=en.wikipedia.org&utm_campaign=api&utm_content=original,GI,"Discover the vibrant world of Nathdwara Pichhwai Painting, a cherished traditional craft from Rajasthan that proudly carries a Geographical Indication (GI) registration. Each intricate canvas brings to life the devotion and artistry of the region, inviting you to explore its rich cultural tapestry through color and detail. Step into a living gallery where every brushstroke tells a story of heritage and heartfelt craftsmanship."
Udaipur Koftgari Metal Craft,Handicraft,Rajasthan,,"Geographical Indication (GI) registered traditional handicraft of Rajasthan, officially recognised under India's GI Registry (ipindia.gov.in).",24.585400,73.712500,https://upload.wikimedia.org/wikipedia/commons/2/2c/Kard_dagger_Ottoman.jpg?utm_source=commons.wikimedia.org&utm_campaign=imageinfo&utm_content=original,GI,"Discover the shimmering artistry of Udaipur Koftgari Metal Craft, a cherished traditional handicraft from Rajasthan that proudly carries a Geographical Indication (GI) registration. Each intricately forged piece reflects the region’s rich heritage, inviting you to take home a timeless slice of Indian craftsmanship."
Bikaner Kashidakari Craft,Handicraft,Rajasthan,,"Geographical Indication (GI) registered traditional handicraft of Rajasthan, officially recognised under India's GI Registry (ipindia.gov.in).",28.022900,73.311900,https://mir-s3-cdn-cf.behance.net/project_modules/disp/084bd852645955.59177d6c7ebed.jpg,GI,"Discover the vibrant artistry of Bikaner Kashidakari Craft, a cherished traditional handicraft from Rajasthan proudly protected by a Geographical Indication (GI) registration. Each piece reflects the region’s rich cultural heritage, inviting you to bring home a slice of authentic Indian craftsmanship. Let the intricate designs and timeless techniques captivate your senses and add a touch of Rajasthan’s charm to your travels."
Jodhpur Bandhej Craft,Handicraft,Rajasthan,,"Geographical Indication (GI) registered traditional handicraft of Rajasthan, officially recognised under India's GI Registry (ipindia.gov.in).",26.238900,73.024300,https://handicrafts.nic.in/crafts/All_Crafts/Craft_Categories/Textile/Other_Textiles_Based/Jodhpur_Bandhej_Craft/Image_Gallery/jod_i01.jpg,GI,"Discover the vibrant world of Jodhpur Bandhej Craft, a treasured Rajasthan tradition celebrated with a Geographical Indication registration that honors its authentic artistry. Each hand‑woven piece bursts with the region’s iconic colors and patterns, inviting you to experience the timeless skill and cultural pride woven into every fabric. Let this exquisite craft add a splash of Rajasthan’s heritage to your journey."
Bikaner Usta Kala Craft,Handicraft,Rajasthan,,"Geographical Indication (GI) registered traditional handicraft of Rajasthan, officially recognised under India's GI Registry (ipindia.gov.in).",28.022900,73.311900,https://upload.wikimedia.org/wikipedia/commons/1/1c/Rajasthan_tableau_highlighting_the_Bikaner_Usta_Art_under_the_theme_%E2%80%9CGolden_Touch_of_the_Desert%E2%80%9D_during_the_77th_Republic_Day_Parade%2C_New_Delhi%2C_2026.jpg?utm_source=commons.wikimedia.org&utm_campaign=imageinfo&utm_content=original,GI,"Discover the vibrant artistry of Bikaner Usta Kala, a cherished traditional handicraft from Rajasthan proudly registered under India's Geographical Indication registry. Each piece reflects generations of skilled craftsmanship, inviting you to bring home a slice of authentic Rajasthani heritage."
Salem Fabric,Handicraft,Tamil Nadu,,"Geographical Indication (GI) registered traditional handicraft of Tamil Nadu, officially recognised under India's GI Registry (ipindia.gov.in).",11.664300,78.146000,https://upload.wikimedia.org/wikipedia/commons/9/92/Salem_city_from_Hills.jpg?utm_source=en.wikipedia.org&utm_campaign=api&utm_content=original,GI,"Discover the vibrant artistry of Salem Fabric, a cherished traditional handicraft proudly registered under India's Geographical Indication registry. Hand‑woven in the heart of Tamil Nadu, each piece reflects generations of skill and the region’s rich cultural tapestry, inviting you to take home a living piece of heritage."
Kancheepuram Silk,Handicraft,Tamil Nadu,,"Geographical Indication (GI) registered traditional handicraft of Tamil Nadu, officially recognised under India's GI Registry (ipindia.gov.in).",12.834200,79.703600,https://upload.wikimedia.org/wikipedia/commons/c/cd/Kanchipuram_sarees_%287642282772%29.jpg?utm_source=en.wikipedia.org&utm_campaign=api&utm_content=original,GI,"Discover the radiant elegance of Kancheepuram Silk, a cherished traditional handicraft from Tamil Nadu that proudly bears a Geographical Indication (GI) registration. Each hand‑woven masterpiece reflects centuries‑old artistry, vibrant colors, and the skilled craftsmanship of local weavers, inviting you to experience a living piece of India's cultural heritage."
Madurai Sungudi,Handicraft,Tamil Nadu,,"Geographical Indication (GI) registered traditional handicraft of Tamil Nadu, officially recognised under India's GI Registry (ipindia.gov.in).",9.925200,78.119800,https://upload.wikimedia.org/wikipedia/commons/9/91/Teinture_naturelle_Millepertuis_2.jpg?utm_source=en.wikipedia.org&utm_campaign=imageinfo&utm_content=original,GI,"Discover the vibrant charm of Madurai Sungudi, a traditional Tamil Nadu handicraft celebrated for its intricate, hand‑woven patterns that bring centuries of artistry to life. Proudly GI‑registered, each piece reflects the region’s rich cultural heritage, inviting you to take home a colorful slice of authentic Indian craftsmanship."
Swamimalai Bronze Icons,Handicraft,Tamil Nadu,,"Geographical Indication (GI) registered traditional handicraft of Tamil Nadu, officially recognised under India's GI Registry (ipindia.gov.in).",11.166700,79.316700,https://upload.wikimedia.org/wikipedia/commons/e/ee/Panchaloha.jpg?utm_source=en.wikipedia.org&utm_campaign=api&utm_content=original,GI,"Discover the luminous Swamimalai Bronze Icons, a centuries‑old tradition from Tamil Nadu that has earned a coveted Geographical Indication tag. Each hand‑crafted bronze masterpiece captures the region’s rich spiritual heritage, inviting you to hold a piece of living art lovingly shaped by master artisans for generations."
Temple Jewellery of Nagercoil,Handicraft,Tamil Nadu,,"Geographical Indication (GI) registered traditional handicraft of Tamil Nadu, officially recognised under India's GI Registry (ipindia.gov.in).",8.178000,77.434600,https://upload.wikimedia.org/wikipedia/commons/7/7d/Temple_jewellery_Bangle.png?utm_source=en.wikipedia.org&utm_campaign=api&utm_content=original,GI,"Discover the exquisite Temple Jewellery of Nagercoil, a treasured traditional handicraft from Tamil Nadu that proudly carries a Geographical Indication (GI) registration. Each piece reflects the region’s rich cultural heritage, showcasing intricate designs that have been lovingly crafted for generations, inviting you to experience the timeless elegance of South Indian temple art."
Arani Silk,Handicraft,Tamil Nadu,,"Geographical Indication (GI) registered traditional handicraft of Tamil Nadu, officially recognised under India's GI Registry (ipindia.gov.in).",12.666700,79.283300,https://upload.wikimedia.org/wikipedia/commons/f/f2/Hand_loom_in_Devikapuram.jpg?utm_source=en.wikipedia.org&utm_campaign=api&utm_content=original,GI,"Discover the timeless elegance of Arani Silk, a traditional Tamil Nadu handicraft proudly protected by a Geographical Indication registration. Each hand‑woven piece reflects the region’s rich heritage and meticulous craftsmanship, inviting you to experience a slice of authentic Indian artistry. Feel the silky smoothness and vibrant colors that have earned Arani Silk its official recognition across India."
Kovai Kora Cotton Sarees,Handicraft,Tamil Nadu,,"Geographical Indication (GI) registered traditional handicraft of Tamil Nadu, officially recognised under India's GI Registry (ipindia.gov.in).",11.016800,76.955800,https://upload.wikimedia.org/wikipedia/commons/2/2f/Kongu_Nadu_Tamil_Nadu.png?utm_source=en.wikipedia.org&utm_campaign=imageinfo&utm_content=original,GI,"Discover the timeless elegance of Kovai Kora Cotton Sarees, a Geographical Indication‑registered treasure from Tamil Nadu that showcases the region’s rich weaving heritage. Each hand‑crafted piece reflects the skill and tradition of local artisans, offering visitors a vibrant glimpse into authentic Indian craftsmanship."
Salem Silk know as Salem Venpattu,Handicraft,Tamil Nadu,,"Geographical Indication (GI) registered traditional handicraft of Tamil Nadu, officially recognised under India's GI Registry (ipindia.gov.in).",11.664300,78.146000,https://upload.wikimedia.org/wikipedia/commons/a/a2/Mattress%28made_up_of_silk_cotton-capok-Kapok%29salem_Wiki_DEC2011-Tamil_Nadu595.jpg?utm_source=commons.wikimedia.org&utm_campaign=imageinfo&utm_content=original,GI,"Discover the shimmering elegance of Salem Silk, locally known as Salem Venpattu, a GI‑registered treasure woven in the heart of Tamil Nadu. This centuries‑old craft blends vibrant colors and delicate handloom techniques, offering visitors a glimpse into the region’s rich artistic heritage. Feel the pride of a tradition officially recognized across India as you explore its luminous threads."
Thanjavur Doll,Handicraft,Tamil Nadu,,"Geographical Indication (GI) registered traditional handicraft of Tamil Nadu, officially recognised under India's GI Registry (ipindia.gov.in).",10.787000,79.137800,https://upload.wikimedia.org/wikipedia/commons/6/67/A_Tanjore_doll.jpg?utm_source=en.wikipedia.org&utm_campaign=api&utm_content=original,GI,"Discover the charming Thanjavur Doll, a lovingly handcrafted treasure from Tamil Nadu that proudly carries a Geographical Indication tag. Each doll reflects the region’s vibrant artistry and cultural heritage, making it a perfect keepsake to remember your journey. Let its colorful details and timeless appeal invite you into the heart of South Indian tradition."
Pattamadai Pai Pattamadai Mat,Handicraft,Tamil Nadu,,"Geographical Indication (GI) registered traditional handicraft of Tamil Nadu, officially recognised under India's GI Registry (ipindia.gov.in).",8.733300,77.566700,https://krafteria.com/cdn/shop/articles/pattamadai-pai-traditional-handwoven-mats-of-tamil-nadu.jpg,GI,"Discover the exquisite Pattamadai Pai Pattamadai Mat, a cherished traditional handicraft from Tamil Nadu that proudly carries a Geographical Indication tag. Hand‑woven with skill passed down through generations, each mat reflects the region’s rich cultural heritage and timeless artistry, inviting you to bring a piece of authentic Indian craftsmanship into your home."
Nachiarkoil Kuthuvilakku Nachiarkoil Lamp,Handicraft,Tamil Nadu,,"Geographical Indication (GI) registered traditional handicraft of Tamil Nadu, officially recognised under India's GI Registry (ipindia.gov.in).",10.900000,79.416700,https://upload.wikimedia.org/wikipedia/commons/6/65/KuthuVilakku.JPG?utm_source=en.wikipedia.org&utm_campaign=api&utm_content=original,GI,"Discover the radiant charm of the Nachiarkoil Kuthuvilakku lamp, a beautifully crafted traditional treasure from Tamil Nadu that proudly carries a Geographical Indication tag. Hand‑made with generations of skill, each lamp glows with the warm glow of heritage, inviting you to bring a piece of authentic Indian artistry into your home."
Chettinad Kottan,Handicraft,Tamil Nadu,,"Geographical Indication (GI) registered traditional handicraft of Tamil Nadu, officially recognised under India's GI Registry (ipindia.gov.in).",10.116700,78.716700,https://upload.wikimedia.org/wikipedia/commons/a/a6/Nachiappa_Swamigal_Chettinadu_Heritage_Museum-04470.jpg?utm_source=commons.wikimedia.org&utm_campaign=imageinfo&utm_content=original,GI,"Discover the vibrant artistry of Chettinad Kottan, a traditional handicraft from Tamil Nadu that proudly carries a Geographical Indication tag, ensuring its authentic roots are preserved. Each piece reflects the region’s rich cultural heritage, inviting you to take home a slice of history crafted with skill and love."
Thanjavur Veenai,Handicraft,Tamil Nadu,,"Geographical Indication (GI) registered traditional handicraft of Tamil Nadu, officially recognised under India's GI Registry (ipindia.gov.in).",10.787000,79.137800,https://upload.wikimedia.org/wikipedia/en/1/14/Ramamoorthy.png?utm_source=en.wikipedia.org&utm_campaign=api&utm_content=original,GI,"Discover the exquisite Thanjavur Veenai, a beautifully crafted musical instrument that embodies Tamil Nadu’s rich cultural heritage. As a Geographical Indication‑registered handicraft, each Veenai reflects the skilled artistry of local craftsmen, inviting you to experience the timeless music and tradition of the region."
Kandangi Saree,Handicraft,Tamil Nadu,,"Geographical Indication (GI) registered traditional handicraft of Tamil Nadu, officially recognised under India's GI Registry (ipindia.gov.in).",13.082700,80.270700,https://upload.wikimedia.org/wikipedia/commons/9/9c/Weaving-.Chettinad-Tamil_Nadu.jpg?utm_source=en.wikipedia.org&utm_campaign=api&utm_content=original,GI,"Discover the vibrant Kandangi Saree, a cherished traditional handicraft of Tamil Nadu proudly registered under India’s Geographical Indication (GI) registry. Its bold colors and intricate patterns reflect the region’s rich cultural heritage, inviting you to wrap yourself in a piece of living history. Feel the artistry and warmth of Tamil Nadu every time you admire or wear this exquisite saree."
Thanjavur Netti Works,Handicraft,Tamil Nadu,,"Geographical Indication (GI) registered traditional handicraft of Tamil Nadu, officially recognised under India's GI Registry (ipindia.gov.in).",10.787000,79.137800,https://upload.wikimedia.org/wikipedia/commons/c/cb/Mr.Sanjai_Gandhi_delivering_a_speech_on_World_Intellectual_Property_Day.jpg?utm_source=en.wikipedia.org&utm_campaign=api&utm_content=original,GI,"Discover the intricate beauty of Thanjavur Netti Works, a GI‑registered traditional handicraft from the heart of Tamil Nadu. Each piece reflects centuries‑old artistry, hand‑woven with skill and pride, making it a perfect souvenir that carries the spirit of the region."
Arumbavur Wood Carvings,Handicraft,Tamil Nadu,,"Geographical Indication (GI) registered traditional handicraft of Tamil Nadu, officially recognised under India's GI Registry (ipindia.gov.in).",11.116700,78.533300,https://upload.wikimedia.org/wikipedia/commons/a/a4/St%C3%BChlingen_wood_carvings_at_old_electricity_pole.jpg?utm_source=commons.wikimedia.org&utm_campaign=imageinfo&utm_content=original,GI,"Discover the intricate beauty of Arumbavur Wood Carvings, a cherished traditional handicraft from Tamil Nadu that proudly holds Geographical Indication status. Each delicately hand‑carved piece reflects centuries‑old artistry, inviting you to bring a touch of authentic Indian craftsmanship home."
Thirubuvanam Silk Sarees,Handicraft,Tamil Nadu,,"Geographical Indication (GI) registered traditional handicraft of Tamil Nadu, officially recognised under India's GI Registry (ipindia.gov.in).",10.916700,79.483300,https://upload.wikimedia.org/wikipedia/commons/f/f2/Hand_loom_in_Devikapuram.jpg?utm_source=en.wikipedia.org&utm_campaign=api&utm_content=original,GI,"Discover the radiant elegance of Thirubuvanam Silk Sarees, a cherished tradition from Tamil Nadu that proudly carries a Geographical Indication (GI) tag. Each hand‑woven masterpiece blends vibrant colors and intricate motifs, reflecting the region’s rich cultural heritage and the skilled artistry of its weavers. Slip into a Thirubuvanam saree and experience a living piece of Tamil Nadu’s timeless beauty."
Karuppur Kalamkari Paintings,Handicraft,Tamil Nadu,,"Geographical Indication (GI) registered traditional handicraft of Tamil Nadu, officially recognised under India's GI Registry (ipindia.gov.in).",13.082700,80.270700,https://upload.wikimedia.org/wikipedia/commons/a/ab/KALAMKARI_HAND_PAINTED_CLOTH_SRIKALAHASTI_AP_-_panoramio.jpg?utm_source=commons.wikimedia.org&utm_campaign=imageinfo&utm_content=original,GI,"Discover the enchanting world of Karuppur Kalamkari Paintings, a treasured traditional handicraft from Tamil Nadu that proudly carries a Geographical Indication (GI) registration. Each hand‑crafted masterpiece bursts with intricate motifs and vivid colors, reflecting the region’s rich cultural heritage and the skilled artistry of its makers. Let these timeless works invite you to explore the vibrant spirit of Tamil Nadu’s creative legacy."
Kallakurichi Wood Carving,Handicraft,Tamil Nadu,,"Geographical Indication (GI) registered traditional handicraft of Tamil Nadu, officially recognised under India's GI Registry (ipindia.gov.in).",13.082700,80.270700,https://upload.wikimedia.org/wikipedia/commons/7/78/Kallai.jpg?utm_source=en.wikipedia.org&utm_campaign=api&utm_content=original,GI,"Discover the intricate beauty of Kallakurichi Wood Carving, a cherished traditional handicraft from Tamil Nadu that proudly carries a Geographical Indication (GI) registration. Each delicately carved piece reflects the region’s rich artistic heritage, offering visitors a tangible glimpse into centuries‑old craftsmanship. Explore these masterfully crafted works and bring home a slice of authentic Tamil culture."
Narasinghapettai Nagaswaram,Handicraft,Tamil Nadu,,"Geographical Indication (GI) registered traditional handicraft of Tamil Nadu, officially recognised under India's GI Registry (ipindia.gov.in).",13.082700,80.270700,https://media.assettype.com/deccanherald%2Fimport%2Fsites%2Fdh%2Ffiles%2Farticleimages%2F2022%2F03%2F21%2F640px-nagaswaram-1-1093312-1647864809.jpg?auto=format%2Ccompress&fit=max&w=undefined,GI,"Discover the Narasinghapettai Nagaswaram, a beautifully crafted musical instrument that embodies Tamil Nadu’s rich cultural heritage. Proudly bearing a Geographical Indication tag, this traditional handiwork is officially recognized by India’s GI Registry, ensuring every note you hear carries the authentic spirit of its birthplace."
Dindigul Locks,Handicraft,Tamil Nadu,,"Geographical Indication (GI) registered traditional handicraft of Tamil Nadu, officially recognised under India's GI Registry (ipindia.gov.in).",10.362400,77.969500,https://upload.wikimedia.org/wikipedia/commons/5/53/Temple_atop_the_Dindigul_Fort.jpg?utm_source=en.wikipedia.org&utm_campaign=api&utm_content=original,GI,"Discover the intricate Dindigul Locks, a time‑honored craft from Tamil Nadu that has earned Geographical Indication status for its unique design and skilled workmanship. Each lock is hand‑crafted with precision, reflecting the region’s rich heritage and the artisans’ dedication. Bring home a piece of this living tradition and feel the story it tells."
Myladi Stone Carvings,Handicraft,Tamil Nadu,,"Geographical Indication (GI) registered traditional handicraft of Tamil Nadu, officially recognised under India's GI Registry (ipindia.gov.in).",13.082700,80.270700,https://upload.wikimedia.org/wikipedia/commons/5/59/KanniyakumariCollageMontage.jpg?utm_source=en.wikipedia.org&utm_campaign=api&utm_content=original,GI,"Discover the timeless charm of Myladi Stone Carvings, a GI‑registered treasure of Tamil Nadu that brings centuries‑old artistry to life in every intricate detail. As you explore these hand‑crafted marvels, feel the pride of a tradition officially recognized across India, and let the stone’s graceful patterns inspire your journey."
Manamadurai Pottery,Handicraft,Tamil Nadu,,"Geographical Indication (GI) registered traditional handicraft of Tamil Nadu, officially recognised under India's GI Registry (ipindia.gov.in).",9.925200,78.119800,https://upload.wikimedia.org/wikipedia/commons/5/52/Manamadurai_Anandhavalli_temple.jpg?utm_source=en.wikipedia.org&utm_campaign=api&utm_content=original,GI,"Discover the timeless charm of Manamadurai Pottery, a celebrated traditional craft from Tamil Nadu that proudly carries a Geographical Indication (GI) registration. Each hand‑crafted piece reflects the region’s rich heritage, offering visitors a unique glimpse into the artistry that has been officially recognized across India. Let the vibrant colors and intricate designs of these pottery treasures add a touch of authentic culture to your journey."
Thaikkal Rattan Craft,Handicraft,Tamil Nadu,,"Geographical Indication (GI) registered traditional handicraft of Tamil Nadu, officially recognised under India's GI Registry (ipindia.gov.in).",13.082700,80.270700,https://media.dinamani.com/dinamani%2F2024-05%2F137ddd6b-9f30-457d-b4c1-bb20b928e8e7%2FIMG_20240522_100249.jpg,GI,"Discover the exquisite Thaikkal Rattan Craft, a cherished traditional art from Tamil Nadu that proudly carries a Geographical Indication (GI) registration, marking its unique cultural heritage. Each intricately woven piece reflects the skill and legacy of local artisans, inviting you to experience a timeless craft that’s officially recognised across India."
Jaderi Namakatti,Handicraft,Tamil Nadu,,"Geographical Indication (GI) registered traditional handicraft of Tamil Nadu, officially recognised under India's GI Registry (ipindia.gov.in).",13.082700,80.270700,https://handicrafts.nic.in/crafts/All_Crafts/Craft_Categories/Miscellaneous/Other_Crafts/Jaderi_Namakatti/Image_Gallery/Jad_I01.png,GI,"Discover the vibrant artistry of Jaderi Namakatti, a traditional Tamil Nadu handicraft proudly protected by a Geographical Indication tag. Each piece reflects centuries‑old techniques and the region’s rich cultural tapestry, making it a perfect keepsake for travelers seeking authentic Indian craftsmanship."
Negamam Cotton Saree,Handicraft,Tamil Nadu,,"Geographical Indication (GI) registered traditional handicraft of Tamil Nadu, officially recognised under India's GI Registry (ipindia.gov.in).",13.082700,80.270700,https://upload.wikimedia.org/wikipedia/commons/0/07/Cotton-mulmul-saree-with-blouse-5-1.jpg?utm_source=commons.wikimedia.org&utm_campaign=imageinfo&utm_content=original,GI,"Discover the timeless elegance of the Negamam Cotton Saree, a GI‑registered treasure woven in Tamil Nadu's vibrant textile heritage. Each hand‑crafted piece reflects generations of skill, offering a soft, breathable drape that carries the spirit of the region. Slip into this iconic saree and feel the living tradition of South India's craftsmanship."
Chedibutta Saree,Handicraft,Tamil Nadu,,"Geographical Indication (GI) registered traditional handicraft of Tamil Nadu, officially recognised under India's GI Registry (ipindia.gov.in).",13.082700,80.270700,https://upload.wikimedia.org/wikipedia/commons/2/21/Grey_Plover_and_Brown-headed_Gulls_%2850965226242%29.jpg?utm_source=en.wikipedia.org&utm_campaign=api&utm_content=original,GI,"Discover the timeless elegance of the Chedibutta Saree, a GI‑registered treasure from Tamil Nadu that showcases the region’s exquisite handloom heritage. Each piece is lovingly woven with traditional techniques, offering a vibrant glimpse into the cultural artistry that makes this saree a true symbol of Indian craftsmanship."
Vilachery Clay Toys,Handicraft,Tamil Nadu,,"Geographical Indication (GI) registered traditional handicraft of Tamil Nadu, officially recognised under India's GI Registry (ipindia.gov.in).",9.900000,78.116700,https://upload.wikimedia.org/wikipedia/commons/f/f3/Navratri_Golu.jpg?utm_source=en.wikipedia.org&utm_campaign=api&utm_content=original,GI,"Discover the charming Vilachery Clay Toys, a lovingly handcrafted tradition from Tamil Nadu that proudly carries a Geographical Indication (GI) tag. Each tiny figure captures the vibrant spirit of local culture, making them perfect keepsakes that bring a piece of Tamil Nadu’s artistic heritage into your home."
Thovalai Maanika Maalai,Handicraft,Tamil Nadu,,"Geographical Indication (GI) registered traditional handicraft of Tamil Nadu, officially recognised under India's GI Registry (ipindia.gov.in).",13.082700,80.270700,https://media.newindianexpress.com/newindianexpress%2F2025-07-19%2F1j8r4sr7%2FFloral.jpg,GI,"Discover the radiant charm of Thovalai Maanika Maalai, a lovingly handcrafted treasure from Tamil Nadu that proudly carries a Geographical Indication tag. Each piece reflects generations of skilled artistry, offering visitors a glimpse into the region’s vibrant cultural heritage. Feel the sparkle of tradition in every bead and let this exquisite craft become a memorable keepsake of your journey."
Ambasamudram Choppu Saman Wooden Toys,Handicraft,Tamil Nadu,,"Geographical Indication (GI) registered traditional handicraft of Tamil Nadu, officially recognised under India's GI Registry (ipindia.gov.in).",13.082700,80.270700,https://media.assettype.com/dt-next/import/imported/import/Articles/2021/Jul/202107250621156688_Ambasamudram-Choppu-Saman-makers-eye-intl-market-GI-tag_SECVPF.gif?auto=format%2Ccompress&enlarge=true&fit=max&h=900&w=1200,GI,"Discover the charm of Ambasamudram Choppu Saman Wooden Toys, a lovingly handcrafted tradition from Tamil Nadu that proudly carries a Geographical Indication tag. Each vibrant, hand‑carved piece reflects generations of skilled artistry, inviting you to bring a slice of authentic Indian heritage into your home. Feel the warmth of this timeless craft as you explore its playful designs and cultural legacy."
Woraiyur Cotton Saree,Handicraft,Tamil Nadu,,"Geographical Indication (GI) registered traditional handicraft of Tamil Nadu, officially recognised under India's GI Registry (ipindia.gov.in).",13.082700,80.270700,https://upload.wikimedia.org/wikipedia/commons/0/07/Cotton-mulmul-saree-with-blouse-5-1.jpg?utm_source=commons.wikimedia.org&utm_campaign=imageinfo&utm_content=original,GI,"Discover the timeless elegance of the Woraiyur Cotton Saree, a cherished traditional handicraft from Tamil Nadu that proudly carries a Geographical Indication (GI) registration. Woven with care and rooted in local heritage, each saree reflects the region’s vibrant culture and the skilled hands of its artisans, inviting you to drape yourself in a piece of living history."
Namakkal Maakkal Paattirangal,Handicraft,Tamil Nadu,,"Geographical Indication (GI) registered traditional handicraft of Tamil Nadu, officially recognised under India's GI Registry (ipindia.gov.in).",13.082700,80.270700,https://www.shankariasparliament.com/uploads/files/kalchatti.jpg,GI,"Discover the vibrant artistry of Namakkal Maakkal Paattirangal, a cherished traditional handicraft from Tamil Nadu that proudly carries a Geographical Indication tag. Each piece reflects the skillful hands and cultural heritage of the region, inviting you to take home a slice of authentic Indian craftsmanship. Let this colorful treasure add a touch of Tamil Nadu’s spirit to your travel memories."
Silver Filigree of Karimnagar,Handicraft,Telangana,,"Geographical Indication (GI) registered traditional handicraft of Telangana, officially recognised under India's GI Registry (ipindia.gov.in).",18.438600,79.128800,https://upload.wikimedia.org/wikipedia/commons/7/75/Portuguese_filigree_intricate_work.jpg?utm_source=en.wikipedia.org&utm_campaign=api&utm_content=original,GI,"Discover the dazzling Silver Filigree of Karimnagar, a treasured Telangana tradition celebrated as a Geographical Indication‑registered craft. Each delicate, hand‑woven piece of silver showcases the region’s centuries‑old artistry, inviting you to hold a shimmering slice of cultural heritage in your hands. Feel the pride of Telangana’s artisans as you explore this exquisite, locally cherished masterpiece."
Nirmal Toys and Craft,Handicraft,Telangana,,"Geographical Indication (GI) registered traditional handicraft of Telangana, officially recognised under India's GI Registry (ipindia.gov.in).",19.096700,78.343600,https://upload.wikimedia.org/wikipedia/commons/5/5a/Nirmal_toys1.jpg?utm_source=en.wikipedia.org&utm_campaign=api&utm_content=original,GI,"Discover the charm of Nirmal Toys and Craft, a lovingly hand‑crafted tradition from Telangana that proudly carries a Geographical Indication (GI) registration. Each piece reflects the region’s vibrant artistry and cultural heritage, inviting you to take home a slice of authentic Indian craftsmanship."
Nirmal Furniture,Handicraft,Telangana,,"Geographical Indication (GI) registered traditional handicraft of Telangana, officially recognised under India's GI Registry (ipindia.gov.in).",19.096700,78.343600,https://upload.wikimedia.org/wikipedia/commons/0/0c/Nirmal_Painting.jpg?utm_source=en.wikipedia.org&utm_campaign=api&utm_content=original,GI,"Discover the timeless elegance of Nirmal Furniture, a GI‑registered traditional craft from Telangana that blends intricate woodwork with vibrant cultural heritage. Each piece reflects the skilled hands of local artisans, offering you a unique slice of Indian artistry to bring home. Explore this living tradition and let its beauty add a touch of authentic charm to your travels."
Nirmal Paintings,Handicraft,Telangana,,"Geographical Indication (GI) registered traditional handicraft of Telangana, officially recognised under India's GI Registry (ipindia.gov.in).",19.096700,78.343600,https://upload.wikimedia.org/wikipedia/commons/0/0c/Nirmal_Painting.jpg?utm_source=en.wikipedia.org&utm_campaign=api&utm_content=original,GI,"Discover the vibrant charm of Nirmal Paintings, a cherished traditional handicraft from Telangana that proudly carries a Geographical Indication (GI) registration. Each hand‑crafted masterpiece bursts with intricate motifs and lively colors, reflecting the region’s rich artistic heritage and inviting you to take a piece of its cultural story home."
Gadwal Sarees,Handicraft,Telangana,,"Geographical Indication (GI) registered traditional handicraft of Telangana, officially recognised under India's GI Registry (ipindia.gov.in).",16.233300,77.800000,https://upload.wikimedia.org/wikipedia/commons/f/f2/Hand_loom_in_Devikapuram.jpg?utm_source=en.wikipedia.org&utm_campaign=api&utm_content=original,GI,"Discover the timeless elegance of Gadwal Sarees, a Geographical Indication‑registered treasure from Telangana that showcases the region’s rich weaving heritage. Each saree reflects meticulous craftsmanship and vibrant tradition, inviting you to wrap yourself in a piece of living history. Feel the pride of a community that has perfected this art for generations."
Siddipet Gollabama,Handicraft,Telangana,,"Geographical Indication (GI) registered traditional handicraft of Telangana, officially recognised under India's GI Registry (ipindia.gov.in).",18.101900,78.851700,https://upload.wikimedia.org/wikipedia/commons/1/19/Shelves_from_a_Saree_shop_%286543977625%29.jpg?utm_source=commons.wikimedia.org&utm_campaign=imageinfo&utm_content=original,GI,"Discover the vibrant artistry of Siddipet Gollabama, a cherished traditional handicraft from Telangana that proudly carries a Geographical Indication (GI) registration. Each piece reflects the region’s rich cultural heritage, inviting you to bring home a touch of authentic Indian craftsmanship."
Cheriyal Paintings,Handicraft,Telangana,,"Geographical Indication (GI) registered traditional handicraft of Telangana, officially recognised under India's GI Registry (ipindia.gov.in).",17.900000,78.933300,https://upload.wikimedia.org/wikipedia/commons/7/75/Cherial_1.jpg?utm_source=en.wikipedia.org&utm_campaign=api&utm_content=original,GI,"Discover the vibrant world of Cheriyal Paintings, a cherished Telangana tradition celebrated for its lively storytelling and bold, folk-inspired motifs. This GI‑registered art form brings local legends to life on every brushstroke, inviting you to experience the region’s rich cultural heritage in a splash of colour and charm."
Pembarthi Metal Craft,Handicraft,Telangana,,"Geographical Indication (GI) registered traditional handicraft of Telangana, officially recognised under India's GI Registry (ipindia.gov.in).",17.900000,79.033300,https://upload.wikimedia.org/wikipedia/commons/1/15/Copper_object_with_copper_oxide.jpg?utm_source=commons.wikimedia.org&utm_campaign=imageinfo&utm_content=original,GI,"Discover the shimmering beauty of Pembarthi Metal Craft, a cherished traditional art from Telangana that proudly carries a Geographical Indication (GI) tag. Each intricately forged piece reflects generations of skilled craftsmanship, offering visitors a tangible glimpse into the region’s rich cultural heritage. Explore these exquisite metal works and bring home a piece of authentic Indian artistry."
Narayanpet Handloom Sarees,Handicraft,Telangana,,"Geographical Indication (GI) registered traditional handicraft of Telangana, officially recognised under India's GI Registry (ipindia.gov.in).",16.750000,77.500000,https://upload.wikimedia.org/wikipedia/commons/1/18/BD_Tangail_4.JPG?utm_source=en.wikipedia.org&utm_campaign=api&utm_content=original,GI,"Discover the timeless elegance of Narayanpet Handloom Sarees, a GI‑registered treasure from Telangana that weaves together centuries‑old artistry and vibrant local tradition. Each hand‑crafted piece tells a story of skilled weavers and rich cultural heritage, inviting you to drape yourself in the authentic charm of this celebrated Indian handicraft."
Adilabad Dokra,Handicraft,Telangana,,"Geographical Indication (GI) registered traditional handicraft of Telangana, officially recognised under India's GI Registry (ipindia.gov.in).",19.664000,78.532000,https://upload.wikimedia.org/wikipedia/commons/3/35/Village_lady_grinding_ants_for_her_family.jpg?utm_source=en.wikipedia.org&utm_campaign=api&utm_content=original,GI,"Discover the intricate beauty of Adilabad Dokra, a traditional Telangana handicraft proudly protected by a Geographical Indication and officially listed in India’s GI Registry. Each handcrafted piece reflects the region’s rich artistic heritage, inviting you to take home a unique slice of cultural craftsmanship."
Warangal Durries,Handicraft,Telangana,,"Geographical Indication (GI) registered traditional handicraft of Telangana, officially recognised under India's GI Registry (ipindia.gov.in).",17.968900,79.594100,https://handicrafts.nic.in/crafts/All_Crafts/Craft_Categories/Textile/Carpet_Rugs_and_Durries/Warangal_Durries/Image_Gallery/War_I01.png,GI,"Discover the vibrant charm of Warangal Durries, a traditional hand‑woven treasure from Telangana that proudly carries a Geographical Indication (GI) registration. Each durrie reflects the region’s rich cultural heritage, inviting you to experience the timeless artistry woven into every pattern and colour. Let this celebrated craft add a splash of authentic Indian warmth to your journey."
Telia Rumal,Handicraft,Telangana,,"Geographical Indication (GI) registered traditional handicraft of Telangana, officially recognised under India's GI Registry (ipindia.gov.in).",17.385000,78.486700,https://upload.wikimedia.org/wikipedia/commons/e/e7/Gajam_Anjaiah.jpg?utm_source=commons.wikimedia.org&utm_campaign=imageinfo&utm_content=original,GI,"Discover the vibrant Telia Rumal, a cherished traditional handicraft from Telangana that proudly carries a Geographical Indication (GI) registration, marking its unique cultural heritage. Recognized by India’s GI Registry, each hand‑woven piece reflects the region’s timeless artistry and invites you to bring a touch of authentic Telangana charm into your home."
Hyderabad Lac Bangles,Handicraft,Telangana,,"Geographical Indication (GI) registered traditional handicraft of Telangana, officially recognised under India's GI Registry (ipindia.gov.in).",17.385000,78.486700,https://upload.wikimedia.org/wikipedia/commons/b/b1/Women_wearing_bangles_in_Chittagong_%2802%29.jpg?utm_source=en.wikipedia.org&utm_campaign=api&utm_content=original,GI,"Discover the dazzling Hyderabad Lac Bangles, a treasured handicraft from Telangana that proudly carries a Geographical Indication tag, celebrating its authentic local artistry. Each vibrant, lacquered bangle is hand‑crafted with centuries‑old techniques, making it a perfect, colorful souvenir that captures the spirit of Hyderabad’s rich cultural heritage."
Tripura Risa Textile,Handicraft,Tripura,,"Geographical Indication (GI) registered traditional handicraft of Tripura, officially recognised under India's GI Registry (ipindia.gov.in).",23.831500,91.286800,https://upload.wikimedia.org/wikipedia/commons/1/1f/This_is_a_handwoven_Risa_cloth%2C_a_traditional_indigenous_textile_from_Tripura%2C_India%2C_used_as_a_female_upper_garment%2C_headgear%2C_or_stole.jpg?utm_source=commons.wikimedia.org&utm_campaign=imageinfo&utm_content=original,GI,"Discover the vibrant Tripura Risa Textile, a cherished traditional handicraft of Tripura that proudly carries a Geographical Indication tag from India's GI Registry. Each hand‑woven piece reflects the region’s rich cultural tapestry, inviting you to experience the artistry and heritage woven into every thread."
Tripura Pachra-Rignai Textile,Handicraft,Tripura,,"Geographical Indication (GI) registered traditional handicraft of Tripura, officially recognised under India's GI Registry (ipindia.gov.in).",23.831500,91.286800,https://upload.wikimedia.org/wikipedia/commons/d/d0/Aronai.jpg?utm_source=en.wikipedia.org&utm_campaign=api&utm_content=original,GI,"Discover the vibrant Tripura Pachra‑Rignai Textile, a cherished traditional handicraft proudly registered under India's Geographical Indication registry. Hand‑woven with intricate patterns that echo the cultural tapestry of Tripura, each piece tells a story of local artistry and heritage, inviting you to bring a touch of authentic Indian craftsmanship into your world."
Banaras Brocades And Sarees,Handicraft,Uttar Pradesh,,"Geographical Indication (GI) registered traditional handicraft of Uttar Pradesh, officially recognised under India's GI Registry (ipindia.gov.in).",25.317600,82.973900,https://upload.wikimedia.org/wikipedia/commons/4/4e/%27Sari%27_from_Varanasi_%28north-central_India%29%2C_silk_and_gold-wrapped_silk_yarn_with_supplementary_weft_brocade.jpg?utm_source=en.wikipedia.org&utm_campaign=api&utm_content=original,GI,"Discover the exquisite Banaras Brocades and Sarees, a GI‑registered treasure of Uttar Pradesh that weaves centuries‑old artistry into every shimmering thread. Each piece reflects the vibrant heritage of the region, inviting you to experience the timeless elegance and meticulous craftsmanship that make this traditional handicraft truly special."
Hand Made Carpet of Bhadohi,Handicraft,Uttar Pradesh,,"Geographical Indication (GI) registered traditional handicraft of Uttar Pradesh, officially recognised under India's GI Registry (ipindia.gov.in).",25.393300,82.564200,https://upload.wikimedia.org/wikipedia/commons/9/99/Morva_River_Front.png?utm_source=en.wikipedia.org&utm_campaign=api&utm_content=original,GI,"Step into the world of Uttar Pradesh’s Hand Made Carpet of Bhadohi, a GI‑registered treasure where skilled artisans weave centuries‑old patterns into plush, vibrant rugs. Each carpet tells a story of local tradition and meticulous craftsmanship, inviting you to bring a piece of India’s rich heritage home."
Varanasi Glass Beads,Handicraft,Uttar Pradesh,,"Geographical Indication (GI) registered traditional handicraft of Uttar Pradesh, officially recognised under India's GI Registry (ipindia.gov.in).",25.317600,82.973900,https://upload.wikimedia.org/wikipedia/commons/6/66/Different_types_of_Japa_mala_%28prayer_beads%29_selling_in_Varanasi%2C_India.jpg?utm_source=en.wikipedia.org&utm_campaign=api&utm_content=original,GI,"Discover the shimmering artistry of Varanasi Glass Beads, a cherished traditional handicraft from Uttar Pradesh proudly protected by a Geographical Indication registration. Each tiny bead reflects centuries of skilled craftsmanship, turning everyday jewelry and décor into luminous works of art that capture the spirit of Varanasi’s vibrant culture. Let these radiant creations add a touch of authentic Indian elegance to your travel memories."
Khurja Pottery,Handicraft,Uttar Pradesh,,"Geographical Indication (GI) registered traditional handicraft of Uttar Pradesh, officially recognised under India's GI Registry (ipindia.gov.in).",26.846700,80.946200,https://upload.wikimedia.org/wikipedia/commons/a/a8/Khurja_Pottery.jpg?utm_source=en.wikipedia.org&utm_campaign=api&utm_content=original,GI,"Discover the timeless charm of Khurja Pottery, a beautifully crafted tradition from Uttar Pradesh that proudly carries a Geographical Indication (GI) tag. Each piece reflects the skilled hands of local artisans, turning simple clay into vibrant, functional art that adds a touch of authentic Indian heritage to any space. Explore this celebrated craft and bring home a piece of Uttar Pradesh’s cultural legacy."
Saharanpur Wood Craft,Handicraft,Uttar Pradesh,,"Geographical Indication (GI) registered traditional handicraft of Uttar Pradesh, officially recognised under India's GI Registry (ipindia.gov.in).",29.968000,77.546000,https://upload.wikimedia.org/wikipedia/commons/4/42/Walnut_wood_carving.jpg?utm_source=en.wikipedia.org&utm_campaign=api&utm_content=original,GI,"Discover the timeless charm of Saharanpur Wood Craft, a beautifully intricate tradition from Uttar Pradesh that proudly carries a Geographical Indication badge. Each hand‑carved piece reflects the skillful artistry of local artisans, inviting you to bring a touch of authentic Indian heritage into your home. Explore this celebrated craft and feel the warm legacy of Uttar Pradesh’s woodworking mastery."
Agra Durrie,Handicraft,Uttar Pradesh,,"Geographical Indication (GI) registered traditional handicraft of Uttar Pradesh, officially recognised under India's GI Registry (ipindia.gov.in).",27.176700,78.008100,https://www.myindianproducts.com/wp-content/uploads/2025/08/agra-durrie.jpg,GI,"Discover the vibrant Agra Durrie, a beautifully woven floor covering that carries the spirit of Uttar Pradesh’s rich heritage. Proudly GI‑registered, each durrie showcases the skillful craftsmanship passed down through generations, inviting you to step onto a piece of living tradition. Let its colors and patterns add a warm, authentic touch to your travel memories."
Banaras Gulabi Meenakari Craft,Handicraft,Uttar Pradesh,,"Geographical Indication (GI) registered traditional handicraft of Uttar Pradesh, officially recognised under India's GI Registry (ipindia.gov.in).",25.317600,82.973900,https://cdn.shopify.com/s/files/1/0686/9437/6495/files/banaras-gulabi-meenakari-craft-gi-tagged-heritage-art-of-varanasi-make-an-image-about-this-product-and-topic.png?v=1768643207,GI,"Discover the radiant charm of Banaras Gulabi Meenakari Craft, a treasured traditional art from Uttar Pradesh that dazzles with its delicate pink enamel work and intricate designs. Proudly protected as a Geographical Indication, this handcrafted masterpiece invites you to explore the timeless elegance that has earned official recognition across India."
Banaras Metal Repouse Craft,Handicraft,Uttar Pradesh,,"Geographical Indication (GI) registered traditional handicraft of Uttar Pradesh, officially recognised under India's GI Registry (ipindia.gov.in).",25.317600,82.973900,https://upload.wikimedia.org/wikipedia/commons/1/10/Fragment_from_a_belt_decorated_with_repouss%C3%A9%2C_650_BCE%2C_Urartian%2C_Fitzwilliam_Museum%2C_Cambridge.jpg?utm_source=commons.wikimedia.org&utm_campaign=imageinfo&utm_content=original,GI,"Discover the shimmering allure of Banaras Metal Repouse Craft, a time‑honored art from Uttar Pradesh that has earned Geographical Indication status for its exquisite metalwork. Each piece reflects the region’s rich heritage, inviting you to take home a genuine slice of Indian craftsmanship."
Varanasi Wooden Lacquerware & Toys,Handicraft,Uttar Pradesh,,"Geographical Indication (GI) registered traditional handicraft of Uttar Pradesh, officially recognised under India's GI Registry (ipindia.gov.in).",25.317600,82.973900,https://upload.wikimedia.org/wikipedia/commons/d/db/Boat_Ghats_Varanasi.jpg?utm_source=commons.wikimedia.org&utm_campaign=imageinfo&utm_content=original,GI,"Discover the vibrant charm of Varanasi Wooden Lacquerware & Toys, a cherished traditional craft from Uttar Pradesh that proudly carries a Geographical Indication tag. Each hand‑painted piece glistens with glossy lacquer, turning simple wood into colorful keepsakes and playful toys that capture the spirit of the city’s artistic heritage. Let these exquisite creations add a splash of cultural sparkle to your travel memories."
Mirzapur Handmade Dari,Handicraft,Uttar Pradesh,,"Geographical Indication (GI) registered traditional handicraft of Uttar Pradesh, officially recognised under India's GI Registry (ipindia.gov.in).",25.146100,82.568000,https://upload.wikimedia.org/wikipedia/commons/e/e4/Bunga_dari_Kertas_Origami.jpg?utm_source=commons.wikimedia.org&utm_campaign=imageinfo&utm_content=original,GI,"Discover the vibrant artistry of Mirzapur Handmade Dari, a cherished traditional craft from Uttar Pradesh that proudly carries a Geographical Indication (GI) registration. Each piece reflects the region’s rich heritage and meticulous handwork, offering you a genuine taste of Indian craftsmanship to take home as a treasured souvenir."
Nizamabad Black Clay Pottery,Handicraft,Uttar Pradesh,,"Geographical Indication (GI) registered traditional handicraft of Uttar Pradesh, officially recognised under India's GI Registry (ipindia.gov.in).",18.672500,78.094100,https://upload.wikimedia.org/wikipedia/commons/3/34/Nizamabad_black_clay_pottery.png?utm_source=en.wikipedia.org&utm_campaign=api&utm_content=original,GI,"Discover the timeless charm of Nizamabad Black Clay Pottery, a GI‑registered treasure from Uttar Pradesh that showcases the region’s masterful artisanship in deep, lustrous black earthenware. Each handcrafted piece carries centuries‑old techniques, turning everyday items into elegant works of art that reflect the soul of Indian tradition."
Gorakhpur Terracotta,Handicraft,Uttar Pradesh,,"Geographical Indication (GI) registered traditional handicraft of Uttar Pradesh, officially recognised under India's GI Registry (ipindia.gov.in).",26.760600,83.373200,https://upload.wikimedia.org/wikipedia/commons/6/64/Gorakhpur_division.svg?utm_source=en.wikipedia.org&utm_campaign=api&utm_content=original,GI,"Discover the timeless charm of Gorakhpur Terracotta, a traditional handicraft from Uttar Pradesh proudly protected by a Geographical Indication registration. Each handcrafted piece captures the region’s rich cultural heritage in warm, earthy tones, inviting you to bring a touch of authentic Indian artistry into your home."
Banaras Zardozi,Handicraft,Uttar Pradesh,,"Geographical Indication (GI) registered traditional handicraft of Uttar Pradesh, officially recognised under India's GI Registry (ipindia.gov.in).",25.317600,82.973900,https://handicrafts.nic.in/crafts/All_Crafts/Craft_Categories/Textile/Embroidery/Banaras_Zardozi/Image_Gallery/BanZ_I01.jpg,GI,"Step into the glittering world of Banaras Zardozi, Uttar Pradesh’s cherished GI‑registered craft where master artisans stitch intricate gold and silver threadwork onto fabric, creating timeless patterns that sparkle with cultural heritage. Feel the artistry come alive as each delicate motif tells a story of tradition, inviting you to explore the vibrant legacy woven into every piece."
Chunar Glaze Pottery,Handicraft,Uttar Pradesh,,"Geographical Indication (GI) registered traditional handicraft of Uttar Pradesh, officially recognised under India's GI Registry (ipindia.gov.in).",26.846700,80.946200,https://upload.wikimedia.org/wikipedia/commons/f/fa/Base_part_of_a_green_glazed_pottery%2C_terracotta.jpg?utm_source=commons.wikimedia.org&utm_campaign=imageinfo&utm_content=original,GI,"Discover the timeless charm of Chunar Glaze Pottery, a GI‑registered traditional craft from Uttar Pradesh that dazzles with its glossy, hand‑painted finishes. Each piece reflects the region’s rich heritage, inviting you to take home a slice of authentic Indian artistry."
Mirzapur Pital Bartan,Handicraft,Uttar Pradesh,,"Geographical Indication (GI) registered traditional handicraft of Uttar Pradesh, officially recognised under India's GI Registry (ipindia.gov.in).",25.146100,82.568000,https://handicrafts.nic.in/crafts/All_Crafts/Craft_Categories/Metal/Brass_metal_craft/Mirzapur_Pital_Bartan/Image_Gallery/MirPiBartan_I01.jpeg,GI,"Discover the gleaming charm of Mirzapur Pital Bartan, a traditional copperware craft from Uttar Pradesh that proudly carries a Geographical Indication tag. Each hand‑crafted piece reflects centuries‑old artistry, turning everyday utensils into timeless treasures that invite you to bring a touch of Indian heritage into your home."
Banaras Wood Carving,Handicraft,Uttar Pradesh,,"Geographical Indication (GI) registered traditional handicraft of Uttar Pradesh, officially recognised under India's GI Registry (ipindia.gov.in).",25.317600,82.973900,https://upload.wikimedia.org/wikipedia/commons/1/1f/Faculty_of_Arts%2C_BHU_%28wood_carving_on_door%29.JPG?utm_source=commons.wikimedia.org&utm_campaign=imageinfo&utm_content=original,GI,"Discover the intricate charm of Banaras Wood Carving, a centuries‑old tradition from Uttar Pradesh that proudly carries a Geographical Indication (GI) tag. Each delicately hand‑carved piece tells a story of skilled artisans turning simple wood into elegant, timeless art—perfect for travelers seeking authentic Indian craftsmanship."
Banaras Hand Block Print,Handicraft,Uttar Pradesh,,"Geographical Indication (GI) registered traditional handicraft of Uttar Pradesh, officially recognised under India's GI Registry (ipindia.gov.in).",25.317600,82.973900,https://upload.wikimedia.org/wikipedia/commons/b/bc/Bathing_Ghat_Banaras_India_1890.jpg?utm_source=commons.wikimedia.org&utm_campaign=imageinfo&utm_content=original,GI,"Discover the vibrant artistry of Banaras Hand Block Print, a cherished traditional craft from Uttar Pradesh that proudly carries a Geographical Indication (GI) tag. Each hand‑crafted design bursts with intricate patterns and rich colors, reflecting centuries‑old techniques passed down through generations. Experience the timeless charm of this celebrated Indian heritage on your journey."
Mau Saree,Handicraft,Uttar Pradesh,,"Geographical Indication (GI) registered traditional handicraft of Uttar Pradesh, officially recognised under India's GI Registry (ipindia.gov.in).",25.941700,83.561100,https://upload.wikimedia.org/wikipedia/commons/1/13/Mau_Bus_station.jpg?utm_source=en.wikipedia.org&utm_campaign=api&utm_content=original,GI,"Discover the exquisite Mau Saree, a cherished traditional handicraft from Uttar Pradesh that proudly carries a Geographical Indication tag. Each hand‑woven piece reflects the region’s rich cultural legacy, inviting you to wrap yourself in authentic, artisanal elegance."
Aligarh Tala,Handicraft,Uttar Pradesh,,"Geographical Indication (GI) registered traditional handicraft of Uttar Pradesh, officially recognised under India's GI Registry (ipindia.gov.in).",27.897400,78.088000,https://handicrafts.nic.in/crafts/All_Crafts/Craft_Categories/Metal/Other_Metal/Aligarh_Tala/Image_Gallery/alitala_I01.jpg,GI,"Discover the exquisite Aligarh Tala, a cherished traditional handicraft from Uttar Pradesh that proudly carries a Geographical Indication (GI) registration, marking its authentic heritage. Each piece reflects the skillful artistry of local artisans, offering visitors a tangible taste of the region’s cultural legacy. Feel the warmth of Uttar Pradesh’s craft tradition in every beautifully crafted Tala you encounter."
Bakhira Brassware,Handicraft,Uttar Pradesh,,"Geographical Indication (GI) registered traditional handicraft of Uttar Pradesh, officially recognised under India's GI Registry (ipindia.gov.in).",26.950000,83.200000,https://handicrafts.nic.in/crafts/All_Crafts/Craft_Categories/Metal/Brass_metal_craft/Bakhira_Brassware/Image_Gallery/Bak_I01.jpg,GI,"Discover the timeless charm of Bakhira Brassware, a beautifully crafted tradition from Uttar Pradesh that proudly carries a Geographical Indication tag. Each gleaming piece reflects the skilled artistry of local craftsmen, inviting you to bring a touch of authentic Indian heritage into your home. Feel the warmth of Uttar Pradesh’s cultural legacy with every delicate curve and polished finish."
Nagina Wood Craft,Handicraft,Uttar Pradesh,,"Geographical Indication (GI) registered traditional handicraft of Uttar Pradesh, officially recognised under India's GI Registry (ipindia.gov.in).",29.450000,78.433300,https://handicrafts.nic.in/crafts/All_Crafts/Craft_Categories/Wood/Wooden_Artware/Nagina_Wood_Craft/Image_Gallery/nag_i01.jpg,GI,"Discover the exquisite Nagina Wood Craft, a cherished traditional art from Uttar Pradesh that proudly carries a Geographical Indication (GI) tag. Each intricately carved piece reflects generations of skilled craftsmanship, making it a unique souvenir that celebrates the region’s rich cultural heritage. Let this beautifully handcrafted treasure add a touch of authentic Indian artistry to your travel memories."
Sambhal Horn Craft,Handicraft,Uttar Pradesh,,"Geographical Indication (GI) registered traditional handicraft of Uttar Pradesh, officially recognised under India's GI Registry (ipindia.gov.in).",28.583300,78.566700,https://handicrafts.nic.in/crafts/All_Crafts/Craft_Categories/Miscellaneous/Bone%2CHorn%26Shell/Sambhal_Horn_Craft/Image_Gallery/Sam_I01.jpg,GI,"Discover the vibrant artistry of Sambhal Horn Craft, a treasured traditional handicraft from Uttar Pradesh proudly protected by a Geographical Indication (GI) registration. Each intricately shaped horn piece reflects generations of skill and cultural pride, inviting you to experience the region’s rich heritage through its unique, handcrafted beauty."
Amroha Dholak,Handicraft,Uttar Pradesh,,"Geographical Indication (GI) registered traditional handicraft of Uttar Pradesh, officially recognised under India's GI Registry (ipindia.gov.in).",28.904200,78.468600,https://upload.wikimedia.org/wikipedia/commons/3/3e/Amroha_railway_station.jpg?utm_source=en.wikipedia.org&utm_campaign=api&utm_content=original,GI,"Discover the rhythmic heart of Uttar Pradesh with the Amroha Dholak, a beautifully crafted traditional drum celebrated for its authentic sound and intricate workmanship. Proudly bearing a Geographical Indication (GI) tag, this handcrafted treasure reflects the rich cultural heritage of Amroha and invites you to experience the timeless music of India."
Baghpat Home Furnishings,Handicraft,Uttar Pradesh,,"Geographical Indication (GI) registered traditional handicraft of Uttar Pradesh, officially recognised under India's GI Registry (ipindia.gov.in).",22.366700,74.750000,https://upload.wikimedia.org/wikipedia/commons/d/d4/Kala-Namakst-all-at-Siddharthnagar-Station.jpg?utm_source=en.wikipedia.org&utm_campaign=api&utm_content=original,GI,"Discover the timeless charm of Baghpat Home Furnishings, a traditional handicraft from Uttar Pradesh proudly protected by a Geographical Indication (GI) registration. Each piece reflects the region’s skilled artisanship, offering visitors a genuine taste of local heritage that you can bring home."
Barabanki Handloom Product,Handicraft,Uttar Pradesh,,"Geographical Indication (GI) registered traditional handicraft of Uttar Pradesh, officially recognised under India's GI Registry (ipindia.gov.in).",26.925000,81.190000,https://upload.wikimedia.org/wikipedia/commons/2/2f/Building_of_Tehsildar_of_Nagar_Parishad_Nawabganj_Barabanki.jpg?utm_source=en.wikipedia.org&utm_campaign=api&utm_content=original,GI,"Discover the vibrant Barabanki Handloom Product, a cherished traditional craft from Uttar Pradesh that proudly carries a Geographical Indication (GI) tag. Each piece reflects the skillful weaving heritage of the region, inviting you to experience the colorful artistry and cultural pride woven into every thread."
Kalpi Handmade Paper,Handicraft,Uttar Pradesh,,"Geographical Indication (GI) registered traditional handicraft of Uttar Pradesh, officially recognised under India's GI Registry (ipindia.gov.in).",26.116700,79.733300,https://upload.wikimedia.org/wikipedia/commons/7/76/Chaurasi_Gumbad_2.JPG?utm_source=en.wikipedia.org&utm_campaign=api&utm_content=original,GI,"Discover the timeless charm of Kalpi Handmade Paper, a cherished traditional craft from Uttar Pradesh that proudly carries a Geographical Indication tag. Each sheet is lovingly hand‑crafted, reflecting the region’s rich heritage and the meticulous skill of local artisans, making it a perfect souvenir that tells a story of authentic Indian artistry."
Jalesar Dhatu Shilp Metal Craft,Handicraft,Uttar Pradesh,,"Geographical Indication (GI) registered traditional handicraft of Uttar Pradesh, officially recognised under India's GI Registry (ipindia.gov.in).",27.466700,78.316700,https://handicrafts.nic.in/crafts/All_Crafts/Craft_Categories/Metal/Other_Metal/Jalesar_Dhatu_Shilp%28MetalCraft%29/Image_Gallery/Jal_I01.png,GI,"Discover the gleaming artistry of Jalesar Dhatu Shilp, Uttar Pradesh’s celebrated metal craft, proudly protected by a Geographical Indication tag. Each handcrafted piece reflects generations of skill, turning simple metal into elegant ornaments and décor that capture the region’s vibrant heritage. A perfect souvenir to bring a touch of Indian tradition home."
Bhotia Dann of Uttarakhand,Handicraft,Uttarakhand,,"Geographical Indication (GI) registered traditional handicraft of Uttarakhand, officially recognised under India's GI Registry (ipindia.gov.in).",30.316500,78.032200,https://upload.wikimedia.org/wikipedia/commons/c/c3/A_Bhotia_lady_weaving_a_Dann_carpet.jpg?utm_source=commons.wikimedia.org&utm_campaign=imageinfo&utm_content=original,GI,"Discover the vibrant Bhotia Dann, a cherished traditional handicraft from Uttarakhand that proudly carries a Geographical Indication (GI) registration, marking its authentic roots and cultural significance. Hand‑woven with skill passed down through generations, each piece reflects the region’s rich heritage, inviting you to take home a slice of Uttarakhand’s artistic legacy."
Uttarakhand Aipan,Handicraft,Uttarakhand,,"Geographical Indication (GI) registered traditional handicraft of Uttarakhand, officially recognised under India's GI Registry (ipindia.gov.in).",30.316500,78.032200,https://upload.wikimedia.org/wikipedia/commons/d/d4/Aipan_design_.jpg?utm_source=en.wikipedia.org&utm_campaign=api&utm_content=original,GI,"Discover the exquisite charm of Uttarakhand Aipan, a traditional handicraft celebrated for its intricate, hand‑drawn designs that bring the hills of Uttarakhand to life. Proudly registered under India’s Geographical Indication registry, each Aipan piece reflects the region’s rich cultural heritage, inviting you to take home a genuine slice of Himalayan artistry."
Uttarakhand Ringal Craft,Handicraft,Uttarakhand,,"Geographical Indication (GI) registered traditional handicraft of Uttarakhand, officially recognised under India's GI Registry (ipindia.gov.in).",30.316500,78.032200,https://upload.wikimedia.org/wikipedia/commons/2/20/Kedarnath_Temple_with_Snow_Covered_Mountains_in_Background.jpg?utm_source=en.wikipedia.org&utm_campaign=api&utm_content=original,GI,"Discover the vibrant Uttarakhand Ringal Craft, a cherished traditional art proudly protected by a Geographical Indication registration. Hand‑woven with intricate patterns and bright colors, each piece reflects the rich cultural tapestry of Uttarakhand’s hills, inviting you to take home a slice of authentic Indian heritage."
Uttarakhand Tamta Product,Handicraft,Uttarakhand,,"Geographical Indication (GI) registered traditional handicraft of Uttarakhand, officially recognised under India's GI Registry (ipindia.gov.in).",30.316500,78.032200,https://upload.wikimedia.org/wikipedia/commons/c/ce/Nanda_Devi_-_Hidden_Summit%2C_Uttarakhand_India_2013.jpg?utm_source=en.wikipedia.org&utm_campaign=api&utm_content=original,GI,"Discover the exquisite Uttarakhand Tamta Product, a cherished traditional handicraft proudly bearing a Geographical Indication (GI) tag that celebrates the region’s rich cultural heritage. Hand‑crafted with skill passed down through generations, each piece reflects the authentic artistry of Uttarakhand, making it a perfect keepsake to remember your journey."
Uttarakhand Thulma,Handicraft,Uttarakhand,,"Geographical Indication (GI) registered traditional handicraft of Uttarakhand, officially recognised under India's GI Registry (ipindia.gov.in).",30.316500,78.032200,https://www.myindianproducts.com/wp-content/uploads/2025/08/thulma.jpg,GI,"Discover the vibrant Uttarakhand Thulma, a traditional handicraft proudly bearing a Geographical Indication (GI) tag that celebrates the region’s rich artistic heritage. Each piece, woven with skill and local flair, reflects the authentic spirit of Uttarakhand and invites you to take home a slice of its cultural legacy."
Rangwali Pichhoda of Kumaon,Handicraft,Uttarakhand,,"Geographical Indication (GI) registered traditional handicraft of Uttarakhand, officially recognised under India's GI Registry (ipindia.gov.in).",29.616700,79.633300,https://handicrafts.nic.in/crafts/All_Crafts/Craft_Categories/Textile/Other_Textiles_Based/Rangwali_Pichhoda_of_Kumanon/Image_Gallery/ran_i01.jpeg,GI,"Discover the vibrant Rangwali Pichhoda of Kumaon, a beautifully woven tapestry that brings the colors and stories of Uttarakhand to life. This GI‑registered traditional handicraft showcases the region’s rich cultural heritage, inviting you to explore its intricate patterns and warm, handcrafted charm."
Kashmiri Papier-Mache,Handicraft,Jammu and Kashmir,Srinagar,"Intricately hand-painted decorative objects made from paper pulp, a Persian-origin craft flourishing in Kashmir since the 14th century.",34.083700,74.797300,https://upload.wikimedia.org/wikipedia/commons/d/d8/Pen_Box_%28qalamdan%29_LACMA_M.89.160a-b.jpg?utm_source=en.wikipedia.org&utm_campaign=api&utm_content=original,GI,"Discover the delicate charm of Kashmiri Papier‑Mâché, where artisans in Srinagar turn humble paper pulp into intricately hand‑painted treasures that brighten any space. This Persian‑origin craft has flourished in the valleys of Jammu and Kashmir since the 14th century, weaving centuries‑old artistry into every vibrant piece. Let each lovingly crafted object invite you to explore the timeless beauty of Kashmir’s creative spirit."
Channapatna Toys,Handicraft,Karnataka,Ramanagara,"Colorful lacquered wooden toys and dolls, a craft tradition dating back to Tipu Sultan's era.",12.651900,77.200400,https://upload.wikimedia.org/wikipedia/commons/b/ba/Wooden_toys.JPG?utm_source=en.wikipedia.org&utm_campaign=api&utm_content=original,GI,"Discover the vibrant world of Channapatna toys—hand‑crafted wooden dolls and playthings lacquered in a kaleidoscope of colors, each piece echoing the artistic spirit of Ramanagara, Karnataka. Rooted in a tradition that dates back to the era of Tipu Sultan, these cheerful creations invite you to hold a piece of living history in your hands."
Kondapalli Toys,Handicraft,Andhra Pradesh,Krishna,"Lightweight wooden toys carved from local Tella Poniki wood, depicting rural life and mythology.",16.612000,80.572200,https://upload.wikimedia.org/wikipedia/commons/9/93/Kondapalli_toys_at_a_house_in_Vijayawada.jpg?utm_source=en.wikipedia.org&utm_campaign=api&utm_content=original,GI,"Discover the charm of Kondapalli Toys, delicate wooden figures hand‑carved from the soft, fragrant Tella Poniki wood of Krishna, Andhra Pradesh. Each lightweight masterpiece captures the vibrant spirit of rural life and timeless Indian mythology, inviting you to bring a piece of tradition home."
Bankura Terracotta,Handicraft,West Bengal,Bankura,"Iconic elongated-neck terracotta horses and folk art, hand-shaped by traditional Kumbhakar potter communities.",23.232400,87.073900,https://upload.wikimedia.org/wikipedia/commons/5/52/Ras_Mancha_03.jpg?utm_source=en.wikipedia.org&utm_campaign=api&utm_content=original,GI,"Discover the charm of Bankura Terracotta, where skilled Kumbhakar potters lovingly hand‑shape iconic elongated‑neck terracotta horses that seem to gallop straight from centuries‑old folk tales. Each piece captures the vibrant spirit of West Bengal’s countryside, inviting you to bring a touch of timeless artistry into your own home."
Blue Pottery,Handicraft,Rajasthan,Jaipur,"Persian-influenced glazed pottery made without clay, using quartz powder, distinctive for its cobalt blue dye.",26.912400,75.787300,https://upload.wikimedia.org/wikipedia/commons/0/03/2017-11-16-BMP_Bowl-5636.jpg?utm_source=en.wikipedia.org&utm_campaign=api&utm_content=original,GI,"Discover the mesmerizing world of Jaipur’s Blue Pottery, where skilled artisans blend Persian-inspired designs with a unique, clay‑free technique that uses fine quartz powder and a vivid cobalt blue glaze. Each piece shimmers with a glossy, hand‑painted finish, inviting you to bring a splash of regal Rajasthan into your home."
Aranmula Kannadi,Handicraft,Kerala,Pathanamthitta,"Handcrafted metal mirrors made from a secret bronze alloy, produced by only a few families in Aranmula village.",9.330600,76.825600,https://upload.wikimedia.org/wikipedia/commons/5/55/Aranmula_mirror_high_quality_bronze_mirror.jpg?utm_source=en.wikipedia.org&utm_campaign=api&utm_content=original,GI,"Discover the luminous charm of Aranmula Kannadi, a handcrafted metal mirror forged from a secret bronze alloy by generations of skilled families in the serene village of Aranmula, Pathanamthitta. Each mirror reflects not just your image but the timeless artistry of Kerala’s heritage, inviting you to hold a piece of living tradition in your hands."
Nagaland Bamboo Craft,Handicraft,Nagaland,Dimapur,"Traditional bamboo and cane products including baskets, mats, and furniture, integral to Naga tribal daily life and festivals.",25.909100,93.726700,https://upload.wikimedia.org/wikipedia/commons/c/cb/Kapamodzu.jpg?utm_source=en.wikipedia.org&utm_campaign=api&utm_content=original,GI,"Discover the vibrant world of Nagaland Bamboo Craft in Dimapur, where skilled hands weave bamboo and cane into beautiful baskets, sturdy mats, and elegant furniture that are woven into everyday life and festive celebrations of the Naga tribes. Each piece reflects a timeless tradition, inviting you to bring a touch of authentic tribal artistry into your own home."
Walnut Wood Carving,Handicraft,Jammu and Kashmir,Srinagar,"Ornately carved furniture and decor made from Kashmir walnut wood, renowned for its fine grain and durability.",34.083700,74.797300,https://upload.wikimedia.org/wikipedia/commons/4/42/Walnut_wood_carving.jpg?utm_source=en.wikipedia.org&utm_campaign=api&utm_content=original,GI,"Discover the timeless elegance of Kashmir’s walnut wood carving, where master artisans in Srinagar transform richly grained walnut into ornate furniture and decor that radiates both beauty and durability. Each piece tells a story of skilled hands shaping nature’s finest wood into heirloom‑worthy art, inviting you to bring a touch of Kashmiri heritage into your home."
Firozabad Glassware,Handicraft,Uttar Pradesh,Firozabad,"Hand-blown coloured glass bangles and decorative items, earning Firozabad the title 'Glass City of India'.",27.159200,78.395700,https://upload.wikimedia.org/wikipedia/commons/9/93/Firozabad_UP_2.jpg?utm_source=en.wikipedia.org&utm_campaign=api&utm_content=original,GI,"Step into Firozabad, the “Glass City of India,” where artisans hand‑blow vibrant, rainbow‑hued glass into delicate bangles and sparkling decorative pieces that capture the sparkle of a thousand festivals. Each shimmering creation reflects generations of skill, inviting you to hold a piece of this colorful tradition in your hands and take a little of its brilliance home."
Meerut Scissors,Handicraft,Uttar Pradesh,Meerut,"Traditional hand-forged scissors and cutting tools, a centuries-old metalworking craft of Meerut.",28.984500,77.706400,https://upload.wikimedia.org/wikipedia/commons/1/18/Mustafa_Castle_--_night_shot.jpg?utm_source=en.wikipedia.org&utm_campaign=api&utm_content=original,GI,"Discover the timeless art of Meerut Scissors, where skilled artisans hand‑forge each pair of cutting tools with precision and care passed down through generations. Feel the weight of centuries‑old metalworking tradition in every sleek, sturdy blade, and take home a piece of Uttar Pradesh’s vibrant craftsmanship."
Molela Clay Work,Handicraft,Rajasthan,Rajsamand,"Terracotta plaques depicting deities and folk gods, handmade by the Kumhar potter community of Molela village.",25.070800,73.881900,https://upload.wikimedia.org/wikipedia/commons/4/43/Building_work_at_Clay_Farm_-_geograph.org.uk_-_6400651.jpg?utm_source=commons.wikimedia.org&utm_campaign=imageinfo&utm_content=original,GI,"Discover the soulful charm of Molela Clay Work, where the Kumhar potters of Molela village hand‑craft terracotta plaques that bring beloved deities and folk gods to life. Each piece, born from the red earth of Rajsamand, carries generations of artistic devotion, inviting you to take home a touch of Rajasthan’s vibrant spiritual heritage."
Meenakari Jewelry,Handicraft,Rajasthan,Jaipur,"Vivid enamel work on gold and silver jewelry, a Mughal-era craft perfected by Jaipur's artisans.",26.912400,75.787300,https://upload.wikimedia.org/wikipedia/commons/3/38/Meenakaari_art_from_Iran.jpg?utm_source=en.wikipedia.org&utm_campaign=api&utm_content=original,GI,"Step into Jaipur’s bustling bazaars and discover Meenakari jewelry, where brilliant enamel swirls across gleaming gold and silver to create miniature works of art. This Mughal‑era craft, lovingly refined by local artisans, invites you to wear a splash of color and centuries of tradition on your fingertips."
Pipli Applique Work,Handicraft,Odisha,Puri,"Colourful applique craft using cutout fabric patches, traditionally used for temple umbrellas and canopies.",20.106400,85.818900,https://upload.wikimedia.org/wikipedia/commons/1/12/Pipli_1.jpg?utm_source=commons.wikimedia.org&utm_campaign=imageinfo&utm_content=original,GI,"Discover the vibrant world of Pipli Applique Work, where skilled artisans stitch together bright fabric patches to create dazzling designs that once adorned temple umbrellas and canopies in Puri, Odisha. Each lively piece bursts with colour and tradition, inviting you to experience the joyful spirit of this timeless craft."
Konark Stone Carving,Handicraft,Odisha,Puri,Intricate stone sculpture tradition famous for the carvings of the Konark Sun Temple.,19.887600,86.094500,https://upload.wikimedia.org/wikipedia/commons/e/ee/Stone_work_at_Konark_Orissa_India.jpg?utm_source=en.wikipedia.org&utm_campaign=api&utm_content=original,GI,"Discover the timeless artistry of Konark Stone Carving, where skilled hands transform raw stone into delicate, swirling motifs that echo the grandeur of the iconic Sun Temple. Each piece captures the spirit of Puri’s heritage, inviting you to hold a fragment of Odisha’s luminous history in your palm."
Cuttack Silver Filigree,Handicraft,Odisha,Cuttack,"Delicate silver wire jewelry and decor, hand-twisted into intricate lace-like patterns by Cuttack's silversmiths.",20.462500,85.882800,https://upload.wikimedia.org/wikipedia/commons/3/3d/2-barabati-stadium-cuttack-odisha-city-hero.jpg?utm_source=en.wikipedia.org&utm_campaign=api&utm_content=original,GI,"Discover the shimmering artistry of Cuttack Silver Filigree, where skilled silversmiths hand‑twist delicate silver wire into lace‑like patterns that sparkle like sunrise on water. Each piece—whether jewelry or decorative art—captures the timeless elegance of Odisha’s craft heritage, inviting you to wear or display a touch of pure, intricate beauty."
Purulia Chau Mask,Handicraft,West Bengal,Purulia,Vividly painted papier-mache masks worn during the traditional Chau dance-drama of Purulia.,23.332000,86.361600,https://upload.wikimedia.org/wikipedia/commons/2/2d/Chhau_Mask_of_Charida.jpg?utm_source=en.wikipedia.org&utm_campaign=api&utm_content=original,GI,"Step into the vibrant world of Purulia with its dazzling Chau masks—hand‑crafted papier‑mâché canvases splashed in bold colors and intricate designs, each one brought to life on stage during the lively Chau dance‑drama. Wearing one feels like joining a centuries‑old celebration, where art, music, and movement swirl together in a burst of West Bengal’s cultural spirit."
Santiniketan Leather Goods,Handicraft,West Bengal,Birbhum,Hand-tooled and batik-dyed leather bags and accessories originating from the Santiniketan region founded by Tagore.,23.682100,87.683200,https://upload.wikimedia.org/wikipedia/commons/6/6c/Santiniketan_4426.jpg?utm_source=en.wikipedia.org&utm_campaign=api&utm_content=original,GI,"Discover the vibrant world of Santiniketan Leather Goods, where skilled artisans hand‑tool each piece and infuse it with the rich colors of traditional batik dyeing. Originating from the artistic heart of Birbhum, West Bengal, these leather bags and accessories carry the creative spirit of Tagore’s legacy, offering you a uniquely handcrafted treasure to take home."
Mahabalipuram Stone Sculpture,Handicraft,Tamil Nadu,Chengalpattu,"Granite stone sculpture tradition dating to the Pallava dynasty, famous for the rock-cut monuments of Mahabalipuram.",12.620800,80.198200,https://upload.wikimedia.org/wikipedia/commons/6/69/Descent_of_the_Ganges_01.jpg?utm_source=en.wikipedia.org&utm_campaign=api&utm_content=original,GI,"Discover the timeless artistry of Mahabalipuram Stone Sculpture, where skilled hands have been shaping graceful granite forms since the Pallava dynasty. Each piece echoes the awe‑inspiring rock‑cut monuments that have made this coastal town a living gallery of ancient craftsmanship, inviting you to hold a fragment of history in your hands."
Thanjavur Bommai,Handicraft,Tamil Nadu,Thanjavur,"Traditional bobble-head dolls hand-painted in vivid colours, a folk craft distinct from Thanjavur paintings.",10.787000,79.137800,https://upload.wikimedia.org/wikipedia/commons/8/81/Thanjavur_2.jpg?utm_source=en.wikipedia.org&utm_campaign=api&utm_content=original,GI,"Discover the charming Thanjavur Bommai—hand‑painted bobble‑head dolls that burst with vivid, joyful colours and capture the spirit of Tamil Nadu’s lively folk art. Each tiny figure is lovingly crafted by local artisans, offering a playful glimpse into a tradition that stands apart from the famed Thanjavur paintings, and makes a perfect keepsake of your visit."
Kolhapuri Chappal,Handicraft,Maharashtra,Kolhapur,"Handcrafted leather sandals made using vegetable-tanned leather, worn for centuries and famous worldwide.",16.705000,74.243300,https://upload.wikimedia.org/wikipedia/commons/8/8a/Indian_chappal%2C_Kolhapur%2C_late_20th_century_-_Bata_Shoe_Museum_-_DSC00445.JPG?utm_source=en.wikipedia.org&utm_campaign=api&utm_content=original,GI,"Step into the vibrant streets of Kolhapur and discover the timeless charm of Kolhapuri Chappal—handcrafted leather sandals lovingly made from vegetable‑tanned leather using techniques passed down through generations. Each pair carries the spirit of centuries‑old tradition, offering you a comfortable, stylish piece of Indian heritage that’s celebrated around the world."
Sikki Grass Craft,Handicraft,Bihar,Madhubani,"Fine golden grass woven into decorative boxes, toys and idols, a traditional Mithila handicraft.",26.357300,86.072500,https://upload.wikimedia.org/wikipedia/en/8/8f/Sikki_grass_craft.jpg?utm_source=en.wikipedia.org&utm_campaign=api&utm_content=original,GI,"Discover the radiant charm of Sikki Grass Craft, a beloved Mithila tradition from Madhubani, where fine golden grass is skillfully woven into delicate boxes, playful toys, and graceful idols. Each handcrafted piece captures the sun‑kissed hues of Bihar’s fields, inviting you to take home a touch of timeless, hand‑woven artistry."
Bastar Wood Carving,Handicraft,Chhattisgarh,Bastar,"Intricately carved wooden sculptures and masks made by tribal artisans of Bastar, depicting deities and folklore.",19.107300,81.954200,https://upload.wikimedia.org/wikipedia/commons/f/f6/Shwedagon_Pagoda_Wood_Carving.jpg?utm_source=commons.wikimedia.org&utm_campaign=imageinfo&utm_content=original,GI,"Discover the enchanting world of Bastar Wood Carving, where tribal artisans breathe life into wood with intricate sculptures and masks that echo ancient deities and folklore. Each hand‑carved piece reflects the vibrant spirit of Bastar, inviting you to hold a piece of Chhattisgarh’s rich cultural heritage in your hands."
=======
Etikoppaka Toys,Handicraft,Andhra Pradesh,Anakapalli,"Geographical Indication (GI) registered traditional handicraft of Andhra Pradesh, officially recognised under India's GI Registry (ipindia.gov.in).",17.5833,82.75,,GI + ODOP,
Channapatna Toys And Dolls,Handicraft,Karnataka,Ramanagara,"Geographical Indication (GI) registered traditional handicraft of Karnataka, officially recognised under India's GI Registry (ipindia.gov.in).",12.6514,77.2065,,GI + ODOP,
Orissa Pattachitra,Handicraft,Odisha,Puri,"Geographical Indication (GI) registered traditional handicraft of Odisha, officially recognised under India's GI Registry (ipindia.gov.in).",20.2961,85.8245,,GI + ODOP,
Lucknow Chikan Craft,Handicraft,Uttar Pradesh,Lucknow,"Geographical Indication (GI) registered traditional handicraft of Uttar Pradesh, officially recognised under India's GI Registry (ipindia.gov.in).",26.8467,80.9462,,GI + ODOP,
Mainpuri Tarkashi,Handicraft,Uttar Pradesh,Mainpuri,"Geographical Indication (GI) registered traditional handicraft of Uttar Pradesh, officially recognised under India's GI Registry (ipindia.gov.in).",27.2333,79.0167,,GI + ODOP,
Thanjavur Art Plate,Handicraft,Tamil Nadu,Thanjavur,"Geographical Indication (GI) registered traditional handicraft of Tamil Nadu, officially recognised under India's GI Registry (ipindia.gov.in).",10.787,79.1378,,GI + ODOP,
Kondapalli Bommalu,Handicraft,Andhra Pradesh,NTR (Vijaywada),"Geographical Indication (GI) registered traditional handicraft of Andhra Pradesh, officially recognised under India's GI Registry (ipindia.gov.in).",16.6167,80.5333,,GI + ODOP,
Nicobari Canoe - Hodi Craft of Andaman & Nicobar,Handicraft,Andaman and Nicobar Islands,,"Geographical Indication (GI) registered traditional handicraft of Andaman and Nicobar Islands, officially recognised under India's GI Registry (ipindia.gov.in).",11.6234,92.7265,,GI,
Nicobari Mat (Chatrai / Hileuoi) of Andaman & Nicobar,Handicraft,Andaman and Nicobar Islands,,"Geographical Indication (GI) registered traditional handicraft of Andaman and Nicobar Islands, officially recognised under India's GI Registry (ipindia.gov.in).",11.6234,92.7265,,GI,
Padauk Wood Craft of Andaman & Nicobar,Handicraft,Andaman and Nicobar Islands,,"Geographical Indication (GI) registered traditional handicraft of Andaman and Nicobar Islands, officially recognised under India's GI Registry (ipindia.gov.in).",11.6234,92.7265,,GI,
Nicobari Hut of Andaman & Nicobar,Handicraft,Andaman and Nicobar Islands,,"Geographical Indication (GI) registered traditional handicraft of Andaman and Nicobar Islands, officially recognised under India's GI Registry (ipindia.gov.in).",11.6234,92.7265,,GI,
Srikalahasthi Kalamkari,Handicraft,Andhra Pradesh,,"Geographical Indication (GI) registered traditional handicraft of Andhra Pradesh, officially recognised under India's GI Registry (ipindia.gov.in).",13.75,79.7,,GI,
Budithi Bell & Brass Metal Craft,Handicraft,Andhra Pradesh,,"Geographical Indication (GI) registered traditional handicraft of Andhra Pradesh, officially recognised under India's GI Registry (ipindia.gov.in).",18.5333,83.9,,GI,
Machilipatnam Kalamkari,Handicraft,Andhra Pradesh,,"Geographical Indication (GI) registered traditional handicraft of Andhra Pradesh, officially recognised under India's GI Registry (ipindia.gov.in).",16.1875,81.1389,,GI,
Andhra Pradesh Leather Puppetry,Handicraft,Andhra Pradesh,,"Geographical Indication (GI) registered traditional handicraft of Andhra Pradesh, officially recognised under India's GI Registry (ipindia.gov.in).",16.5062,80.648,,GI,
Uppada Jamdani Sarees,Handicraft,Andhra Pradesh,,"Geographical Indication (GI) registered traditional handicraft of Andhra Pradesh, officially recognised under India's GI Registry (ipindia.gov.in).",16.9333,82.3333,,GI,
Venkatagiri Sarees,Handicraft,Andhra Pradesh,,"Geographical Indication (GI) registered traditional handicraft of Andhra Pradesh, officially recognised under India's GI Registry (ipindia.gov.in).",13.9667,79.5833,,GI,
Mangalagiri Sarees And Fabrics,Handicraft,Andhra Pradesh,,"Geographical Indication (GI) registered traditional handicraft of Andhra Pradesh, officially recognised under India's GI Registry (ipindia.gov.in).",16.4333,80.55,,GI,
Bobbili Veena,Handicraft,Andhra Pradesh,,"Geographical Indication (GI) registered traditional handicraft of Andhra Pradesh, officially recognised under India's GI Registry (ipindia.gov.in).",18.5667,83.3667,,GI,
Dharmavaram Handloom Pattu Sarees And Paavadas,Handicraft,Andhra Pradesh,,"Geographical Indication (GI) registered traditional handicraft of Andhra Pradesh, officially recognised under India's GI Registry (ipindia.gov.in).",14.4144,77.7181,,GI,
Durgi Stone Carvings,Handicraft,Andhra Pradesh,,"Geographical Indication (GI) registered traditional handicraft of Andhra Pradesh, officially recognised under India's GI Registry (ipindia.gov.in).",16.4333,79.5667,,GI,
Udayagiri Wooden Cutlery,Handicraft,Andhra Pradesh,,"Geographical Indication (GI) registered traditional handicraft of Andhra Pradesh, officially recognised under India's GI Registry (ipindia.gov.in).",14.8667,79.3167,,GI,
Allagadda Stone Carving,Handicraft,Andhra Pradesh,,"Geographical Indication (GI) registered traditional handicraft of Andhra Pradesh, officially recognised under India's GI Registry (ipindia.gov.in).",15.15,78.5,,GI,
Narasapur Crochet Lace Products,Handicraft,Andhra Pradesh,,"Geographical Indication (GI) registered traditional handicraft of Andhra Pradesh, officially recognised under India's GI Registry (ipindia.gov.in).",16.4333,81.7,,GI,
Ponduru Khadi,Handicraft,Andhra Pradesh,,"Geographical Indication (GI) registered traditional handicraft of Andhra Pradesh, officially recognised under India's GI Registry (ipindia.gov.in).",18.2,83.7833,,GI,
Idu Mishmi Textiles,Handicraft,Arunachal Pradesh,,"Geographical Indication (GI) registered traditional handicraft of Arunachal Pradesh, officially recognised under India's GI Registry (ipindia.gov.in).",27.0844,93.6053,,GI,
Arunachal Pradesh Tangsa Textile Product,Handicraft,Arunachal Pradesh,,"Geographical Indication (GI) registered traditional handicraft of Arunachal Pradesh, officially recognised under India's GI Registry (ipindia.gov.in).",27.0844,93.6053,,GI,
Arunachal Pradesh Handmade Carpet,Handicraft,Arunachal Pradesh,,"Geographical Indication (GI) registered traditional handicraft of Arunachal Pradesh, officially recognised under India's GI Registry (ipindia.gov.in).",27.0844,93.6053,,GI,
Arunachal Pradesh Wancho Wooden Craft,Handicraft,Arunachal Pradesh,,"Geographical Indication (GI) registered traditional handicraft of Arunachal Pradesh, officially recognised under India's GI Registry (ipindia.gov.in).",27.0844,93.6053,,GI,
Arunachal Pradesh Apatani Textile,Handicraft,Arunachal Pradesh,,"Geographical Indication (GI) registered traditional handicraft of Arunachal Pradesh, officially recognised under India's GI Registry (ipindia.gov.in).",23.85,72.1167,,GI,
Arunachal Pradesh Monpa Textile,Handicraft,Arunachal Pradesh,,"Geographical Indication (GI) registered traditional handicraft of Arunachal Pradesh, officially recognised under India's GI Registry (ipindia.gov.in).",27.0844,93.6053,,GI,
Arunachal Pradesh Nyishi Textile,Handicraft,Arunachal Pradesh,,"Geographical Indication (GI) registered traditional handicraft of Arunachal Pradesh, officially recognised under India's GI Registry (ipindia.gov.in).",27.0844,93.6053,,GI,
Arunachal Pradesh Monpa Handmade Paper,Handicraft,Arunachal Pradesh,,"Geographical Indication (GI) registered traditional handicraft of Arunachal Pradesh, officially recognised under India's GI Registry (ipindia.gov.in).",27.0844,93.6053,,GI,
Arunachal Pradesh Adi Textile,Handicraft,Arunachal Pradesh,,"Geographical Indication (GI) registered traditional handicraft of Arunachal Pradesh, officially recognised under India's GI Registry (ipindia.gov.in).",27.0844,93.6053,,GI,
Arunachal Pradesh Galo Textile,Handicraft,Arunachal Pradesh,,"Geographical Indication (GI) registered traditional handicraft of Arunachal Pradesh, officially recognised under India's GI Registry (ipindia.gov.in).",27.0844,93.6053,,GI,
Arunachal Pradesh Tai Khamti Textile,Handicraft,Arunachal Pradesh,,"Geographical Indication (GI) registered traditional handicraft of Arunachal Pradesh, officially recognised under India's GI Registry (ipindia.gov.in).",27.0844,93.6053,,GI,
Muga Silk of Assam,Handicraft,Assam,,"Geographical Indication (GI) registered traditional handicraft of Assam, officially recognised under India's GI Registry (ipindia.gov.in).",26.1445,91.7362,,GI,
Gamosa of Assam,Handicraft,Assam,,"Geographical Indication (GI) registered traditional handicraft of Assam, officially recognised under India's GI Registry (ipindia.gov.in).",26.1445,91.7362,,GI,
Majuli Mask of Assam,Handicraft,Assam,,"Geographical Indication (GI) registered traditional handicraft of Assam, officially recognised under India's GI Registry (ipindia.gov.in).",26.95,94.1833,,GI,
Assam Majuli Manuscript Painting,Handicraft,Assam,,"Geographical Indication (GI) registered traditional handicraft of Assam, officially recognised under India's GI Registry (ipindia.gov.in).",26.95,94.1833,,GI,
Bodo Aronai,Handicraft,Assam,,"Geographical Indication (GI) registered traditional handicraft of Assam, officially recognised under India's GI Registry (ipindia.gov.in).",26.1445,91.7362,,GI,
Bodo Dokhona,Handicraft,Assam,,"Geographical Indication (GI) registered traditional handicraft of Assam, officially recognised under India's GI Registry (ipindia.gov.in).",26.1445,91.7362,,GI,
Bodo Eri Silk,Handicraft,Assam,,"Geographical Indication (GI) registered traditional handicraft of Assam, officially recognised under India's GI Registry (ipindia.gov.in).",26.1445,91.7362,,GI,
Bodo Jwmgra,Handicraft,Assam,,"Geographical Indication (GI) registered traditional handicraft of Assam, officially recognised under India's GI Registry (ipindia.gov.in).",26.1445,91.7362,,GI,
Bodo Gamsa,Handicraft,Assam,,"Geographical Indication (GI) registered traditional handicraft of Assam, officially recognised under India's GI Registry (ipindia.gov.in).",26.1445,91.7362,,GI,
Bodo Thorkha,Handicraft,Assam,,"Geographical Indication (GI) registered traditional handicraft of Assam, officially recognised under India's GI Registry (ipindia.gov.in).",26.1445,91.7362,,GI,
Bodo Kham,Handicraft,Assam,,"Geographical Indication (GI) registered traditional handicraft of Assam, officially recognised under India's GI Registry (ipindia.gov.in).",26.1445,91.7362,,GI,
Bodo Serja,Handicraft,Assam,,"Geographical Indication (GI) registered traditional handicraft of Assam, officially recognised under India's GI Registry (ipindia.gov.in).",26.1445,91.7362,,GI,
Bodo Sifung,Handicraft,Assam,,"Geographical Indication (GI) registered traditional handicraft of Assam, officially recognised under India's GI Registry (ipindia.gov.in).",26.1445,91.7362,,GI,
Bodo Gongona,Handicraft,Assam,,"Geographical Indication (GI) registered traditional handicraft of Assam, officially recognised under India's GI Registry (ipindia.gov.in).",26.1445,91.7362,,GI,
Bodo Jotha,Handicraft,Assam,,"Geographical Indication (GI) registered traditional handicraft of Assam, officially recognised under India's GI Registry (ipindia.gov.in).",26.1445,91.7362,,GI,
Assam Jaapi,Handicraft,Assam,,"Geographical Indication (GI) registered traditional handicraft of Assam, officially recognised under India's GI Registry (ipindia.gov.in).",26.1445,91.7362,,GI,
Assam Asharikandi Terracotta Craft,Handicraft,Assam,,"Geographical Indication (GI) registered traditional handicraft of Assam, officially recognised under India's GI Registry (ipindia.gov.in).",26.1445,91.7362,,GI,
Assam Bihu Dhol,Handicraft,Assam,,"Geographical Indication (GI) registered traditional handicraft of Assam, officially recognised under India's GI Registry (ipindia.gov.in).",26.1445,91.7362,,GI,
Assam Pani Meteka Craft,Handicraft,Assam,,"Geographical Indication (GI) registered traditional handicraft of Assam, officially recognised under India's GI Registry (ipindia.gov.in).",26.1445,91.7362,,GI,
Sarthebari Metal Craft,Handicraft,Assam,,"Geographical Indication (GI) registered traditional handicraft of Assam, officially recognised under India's GI Registry (ipindia.gov.in).",26.4333,91.2833,,GI,
Axomiya Gohona Assamese Jewellery,Handicraft,Assam,,"Geographical Indication (GI) registered traditional handicraft of Assam, officially recognised under India's GI Registry (ipindia.gov.in).",26.1445,91.7362,,GI,
Applique Khatwa Work of Bihar,Handicraft,Bihar,,"Geographical Indication (GI) registered traditional handicraft of Bihar, officially recognised under India's GI Registry (ipindia.gov.in).",25.5941,85.1376,,GI,
Sujini Embroidery Work of Bihar,Handicraft,Bihar,,"Geographical Indication (GI) registered traditional handicraft of Bihar, officially recognised under India's GI Registry (ipindia.gov.in).",25.5941,85.1376,,GI,
Sikki Grass Products of Bihar,Handicraft,Bihar,,"Geographical Indication (GI) registered traditional handicraft of Bihar, officially recognised under India's GI Registry (ipindia.gov.in).",25.5941,85.1376,,GI,
Bhagalpur Silk,Handicraft,Bihar,,"Geographical Indication (GI) registered traditional handicraft of Bihar, officially recognised under India's GI Registry (ipindia.gov.in).",25.2425,86.9842,,GI,
Manjusha Art,Handicraft,Bihar,,"Geographical Indication (GI) registered traditional handicraft of Bihar, officially recognised under India's GI Registry (ipindia.gov.in).",25.5941,85.1376,,GI,
Bastar Iron Craft,Handicraft,Chhattisgarh,,"Geographical Indication (GI) registered traditional handicraft of Chhattisgarh, officially recognised under India's GI Registry (ipindia.gov.in).",19.1071,81.9541,,GI,
Bastar Dhokra,Handicraft,Chhattisgarh,,"Geographical Indication (GI) registered traditional handicraft of Chhattisgarh, officially recognised under India's GI Registry (ipindia.gov.in).",19.1071,81.9541,,GI,
Bastar Wooden Craft,Handicraft,Chhattisgarh,,"Geographical Indication (GI) registered traditional handicraft of Chhattisgarh, officially recognised under India's GI Registry (ipindia.gov.in).",19.1071,81.9541,,GI,
Champa Silk Saree And Fabrics,Handicraft,Chhattisgarh,,"Geographical Indication (GI) registered traditional handicraft of Chhattisgarh, officially recognised under India's GI Registry (ipindia.gov.in).",21.9667,82.65,,GI,
Sankheda Furniture,Handicraft,Gujarat,,"Geographical Indication (GI) registered traditional handicraft of Gujarat, officially recognised under India's GI Registry (ipindia.gov.in).",22.15,73.5833,,GI,
Agates of Cambay,Handicraft,Gujarat,,"Geographical Indication (GI) registered traditional handicraft of Gujarat, officially recognised under India's GI Registry (ipindia.gov.in).",22.3,72.6167,,GI,
Tangaliya Shawl,Handicraft,Gujarat,,"Geographical Indication (GI) registered traditional handicraft of Gujarat, officially recognised under India's GI Registry (ipindia.gov.in).",23.0225,72.5714,,GI,
Surat Zari Craft,Handicraft,Gujarat,,"Geographical Indication (GI) registered traditional handicraft of Gujarat, officially recognised under India's GI Registry (ipindia.gov.in).",21.1702,72.8311,,GI,
Kachchh Shawls,Handicraft,Gujarat,,"Geographical Indication (GI) registered traditional handicraft of Gujarat, officially recognised under India's GI Registry (ipindia.gov.in).",23.0225,72.5714,,GI,
Jamnagari Bandhani,Handicraft,Gujarat,,"Geographical Indication (GI) registered traditional handicraft of Gujarat, officially recognised under India's GI Registry (ipindia.gov.in).",22.4707,70.0577,,GI,
RajKot Patola,Handicraft,Gujarat,,"Geographical Indication (GI) registered traditional handicraft of Gujarat, officially recognised under India's GI Registry (ipindia.gov.in).",22.3039,70.8022,,GI,
Pethapur Printing Blocks,Handicraft,Gujarat,,"Geographical Indication (GI) registered traditional handicraft of Gujarat, officially recognised under India's GI Registry (ipindia.gov.in).",23.25,72.6167,,GI,
Pithora,Handicraft,Gujarat,,"Geographical Indication (GI) registered traditional handicraft of Gujarat, officially recognised under India's GI Registry (ipindia.gov.in).",23.0225,72.5714,,GI,
Mata ni Pachhedi,Handicraft,Gujarat,,"Geographical Indication (GI) registered traditional handicraft of Gujarat, officially recognised under India's GI Registry (ipindia.gov.in).",23.0225,72.5714,,GI,
Kutch Rogan Craft,Handicraft,Gujarat,,"Geographical Indication (GI) registered traditional handicraft of Gujarat, officially recognised under India's GI Registry (ipindia.gov.in).",23.7333,69.8597,,GI,
Kutch Bandhani,Handicraft,Gujarat,,"Geographical Indication (GI) registered traditional handicraft of Gujarat, officially recognised under India's GI Registry (ipindia.gov.in).",23.7333,69.8597,,GI,
Gharchola Craft of Gujarat,Handicraft,Gujarat,,"Geographical Indication (GI) registered traditional handicraft of Gujarat, officially recognised under India's GI Registry (ipindia.gov.in).",23.0225,72.5714,,GI,
Gujarat Suf Embroidery,Handicraft,Gujarat,,"Geographical Indication (GI) registered traditional handicraft of Gujarat, officially recognised under India's GI Registry (ipindia.gov.in).",23.0225,72.5714,,GI,
Ahmedabad Sodagari Block Print,Handicraft,Gujarat,,"Geographical Indication (GI) registered traditional handicraft of Gujarat, officially recognised under India's GI Registry (ipindia.gov.in).",23.0225,72.5714,,GI,
Surat Sadeli Craft,Handicraft,Gujarat,,"Geographical Indication (GI) registered traditional handicraft of Gujarat, officially recognised under India's GI Registry (ipindia.gov.in).",21.1702,72.8311,,GI,
Bharuch Sujani Weaving,Handicraft,Gujarat,,"Geographical Indication (GI) registered traditional handicraft of Gujarat, officially recognised under India's GI Registry (ipindia.gov.in).",21.7051,72.9959,,GI,
Kutch Ajrakh,Handicraft,Gujarat,,"Geographical Indication (GI) registered traditional handicraft of Gujarat, officially recognised under India's GI Registry (ipindia.gov.in).",23.7333,69.8597,,GI,
Kullu Shawl,Handicraft,Himachal Pradesh,,"Geographical Indication (GI) registered traditional handicraft of Himachal Pradesh, officially recognised under India's GI Registry (ipindia.gov.in).",31.9578,77.1095,,GI,
Chamba Rumal,Handicraft,Himachal Pradesh,,"Geographical Indication (GI) registered traditional handicraft of Himachal Pradesh, officially recognised under India's GI Registry (ipindia.gov.in).",32.556,76.131,,GI,
Kinnauri Shawl,Handicraft,Himachal Pradesh,,"Geographical Indication (GI) registered traditional handicraft of Himachal Pradesh, officially recognised under India's GI Registry (ipindia.gov.in).",31.58,78.44,,GI,
Kangra Paintings,Handicraft,Himachal Pradesh,,"Geographical Indication (GI) registered traditional handicraft of Himachal Pradesh, officially recognised under India's GI Registry (ipindia.gov.in).",32.0998,76.2691,,GI,
Chamba Chappal,Handicraft,Himachal Pradesh,,"Geographical Indication (GI) registered traditional handicraft of Himachal Pradesh, officially recognised under India's GI Registry (ipindia.gov.in).",32.556,76.131,,GI,
Lahauli Knitted Socks & Gloves,Handicraft,Himachal Pradesh,,"Geographical Indication (GI) registered traditional handicraft of Himachal Pradesh, officially recognised under India's GI Registry (ipindia.gov.in).",31.1048,77.1734,,GI,
Kashmir Pashmina,Handicraft,Jammu and Kashmir,,"Geographical Indication (GI) registered traditional handicraft of Jammu and Kashmir, officially recognised under India's GI Registry (ipindia.gov.in).",34.0837,74.7973,,GI,
Kashmir Sozani Craft,Handicraft,Jammu and Kashmir,,"Geographical Indication (GI) registered traditional handicraft of Jammu and Kashmir, officially recognised under India's GI Registry (ipindia.gov.in).",34.0837,74.7973,,GI,
Kashmir Paper Machie,Handicraft,Jammu and Kashmir,,"Geographical Indication (GI) registered traditional handicraft of Jammu and Kashmir, officially recognised under India's GI Registry (ipindia.gov.in).",34.0837,74.7973,,GI,
Kashmir Walnut Wood Carving,Handicraft,Jammu and Kashmir,,"Geographical Indication (GI) registered traditional handicraft of Jammu and Kashmir, officially recognised under India's GI Registry (ipindia.gov.in).",34.0837,74.7973,,GI,
Khatamband,Handicraft,Jammu and Kashmir,,"Geographical Indication (GI) registered traditional handicraft of Jammu and Kashmir, officially recognised under India's GI Registry (ipindia.gov.in).",34.0837,74.7973,,GI,
Kashmiri Hand Knotted Carpet,Handicraft,Jammu and Kashmir,,"Geographical Indication (GI) registered traditional handicraft of Jammu and Kashmir, officially recognised under India's GI Registry (ipindia.gov.in).",34.0837,74.7973,,GI,
Basohli Painting,Handicraft,Jammu and Kashmir,,"Geographical Indication (GI) registered traditional handicraft of Jammu and Kashmir, officially recognised under India's GI Registry (ipindia.gov.in).",34.0837,74.7973,,GI,
Rajouri Chikri Wood Craft,Handicraft,Jammu and Kashmir,,"Geographical Indication (GI) registered traditional handicraft of Jammu and Kashmir, officially recognised under India's GI Registry (ipindia.gov.in).",34.0837,74.7973,,GI,
Basohli Pashmina Woolen Products,Handicraft,Jammu and Kashmir,,"Geographical Indication (GI) registered traditional handicraft of Jammu and Kashmir, officially recognised under India's GI Registry (ipindia.gov.in).",34.0837,74.7973,,GI,
Kashmir Namda,Handicraft,Jammu and Kashmir,,"Geographical Indication (GI) registered traditional handicraft of Jammu and Kashmir, officially recognised under India's GI Registry (ipindia.gov.in).",34.0837,74.7973,,GI,
Kashmir Wagguv,Handicraft,Jammu and Kashmir,,"Geographical Indication (GI) registered traditional handicraft of Jammu and Kashmir, officially recognised under India's GI Registry (ipindia.gov.in).",34.0837,74.7973,,GI,
Shikara,Handicraft,Jammu and Kashmir,,"Geographical Indication (GI) registered traditional handicraft of Jammu and Kashmir, officially recognised under India's GI Registry (ipindia.gov.in).",34.0837,74.7973,,GI,
Gabba,Handicraft,Jammu and Kashmir,,"Geographical Indication (GI) registered traditional handicraft of Jammu and Kashmir, officially recognised under India's GI Registry (ipindia.gov.in).",34.0837,74.7973,,GI,
Kashmir Willow Bat,Handicraft,Jammu and Kashmir,,"Geographical Indication (GI) registered traditional handicraft of Jammu and Kashmir, officially recognised under India's GI Registry (ipindia.gov.in).",34.0837,74.7973,,GI,
Kashmir Chain Stitch,Handicraft,Jammu and Kashmir,,"Geographical Indication (GI) registered traditional handicraft of Jammu and Kashmir, officially recognised under India's GI Registry (ipindia.gov.in).",34.0837,74.7973,,GI,
Kashmir Crewel,Handicraft,Jammu and Kashmir,,"Geographical Indication (GI) registered traditional handicraft of Jammu and Kashmir, officially recognised under India's GI Registry (ipindia.gov.in).",34.0837,74.7973,,GI,
Kashmir Tweed,Handicraft,Jammu and Kashmir,,"Geographical Indication (GI) registered traditional handicraft of Jammu and Kashmir, officially recognised under India's GI Registry (ipindia.gov.in).",34.0837,74.7973,,GI,
Sohrai Khovar Painting,Handicraft,Jharkhand,,"Geographical Indication (GI) registered traditional handicraft of Jharkhand, officially recognised under India's GI Registry (ipindia.gov.in).",23.6693,85.2842,,GI,
Mysore Silk,Handicraft,Karnataka,,"Geographical Indication (GI) registered traditional handicraft of Karnataka, officially recognised under India's GI Registry (ipindia.gov.in).",12.2958,76.6394,,GI,
Mysore Rosewood Inlay,Handicraft,Karnataka,,"Geographical Indication (GI) registered traditional handicraft of Karnataka, officially recognised under India's GI Registry (ipindia.gov.in).",12.2958,76.6394,,GI,
Kasuti Embroidery,Handicraft,Karnataka,,"Geographical Indication (GI) registered traditional handicraft of Karnataka, officially recognised under India's GI Registry (ipindia.gov.in).",15.4589,75.0078,,GI,
Mysore Traditional Paintings,Handicraft,Karnataka,,"Geographical Indication (GI) registered traditional handicraft of Karnataka, officially recognised under India's GI Registry (ipindia.gov.in).",12.2958,76.6394,,GI,
Ganjifa Cards of Mysore,Handicraft,Karnataka,,"Geographical Indication (GI) registered traditional handicraft of Karnataka, officially recognised under India's GI Registry (ipindia.gov.in).",12.2958,76.6394,,GI,
Navalgund Durries,Handicraft,Karnataka,,"Geographical Indication (GI) registered traditional handicraft of Karnataka, officially recognised under India's GI Registry (ipindia.gov.in).",15.5333,75.3667,,GI,
Karnataka Bronzeware,Handicraft,Karnataka,,"Geographical Indication (GI) registered traditional handicraft of Karnataka, officially recognised under India's GI Registry (ipindia.gov.in).",12.9716,77.5946,,GI,
Ilkal Sarees,Handicraft,Karnataka,,"Geographical Indication (GI) registered traditional handicraft of Karnataka, officially recognised under India's GI Registry (ipindia.gov.in).",16.2167,76.1167,,GI,
Molakalmuru Sarees,Handicraft,Karnataka,,"Geographical Indication (GI) registered traditional handicraft of Karnataka, officially recognised under India's GI Registry (ipindia.gov.in).",14.7167,76.7333,,GI,
Sandur Lambani Embroidery,Handicraft,Karnataka,,"Geographical Indication (GI) registered traditional handicraft of Karnataka, officially recognised under India's GI Registry (ipindia.gov.in).",15.0833,76.5333,,GI,
Guledgudd Khana,Handicraft,Karnataka,,"Geographical Indication (GI) registered traditional handicraft of Karnataka, officially recognised under India's GI Registry (ipindia.gov.in).",16.05,75.7833,,GI,
Kinhal Toys,Handicraft,Karnataka,,"Geographical Indication (GI) registered traditional handicraft of Karnataka, officially recognised under India's GI Registry (ipindia.gov.in).",15.45,76.0,,GI,
Udupi Sarees,Handicraft,Karnataka,,"Geographical Indication (GI) registered traditional handicraft of Karnataka, officially recognised under India's GI Registry (ipindia.gov.in).",13.3409,74.7421,,GI,
Patteda Anchu Saree & Fabrics,Handicraft,Karnataka,,"Geographical Indication (GI) registered traditional handicraft of Karnataka, officially recognised under India's GI Registry (ipindia.gov.in).",12.9716,77.5946,,GI,
Aranmula Kannadi Aranmula Metal Mirror,Handicraft,Kerala,,"Geographical Indication (GI) registered traditional handicraft of Kerala, officially recognised under India's GI Registry (ipindia.gov.in).",9.3833,76.5833,,GI,
Payyannur Pavithra Ring,Handicraft,Kerala,,"Geographical Indication (GI) registered traditional handicraft of Kerala, officially recognised under India's GI Registry (ipindia.gov.in).",12.1,75.2,,GI,
Alleppey Coir,Handicraft,Kerala,,"Geographical Indication (GI) registered traditional handicraft of Kerala, officially recognised under India's GI Registry (ipindia.gov.in).",9.4981,76.3388,,GI,
Brass Broidered Coconut Shell Crafts of Kerala,Handicraft,Kerala,,"Geographical Indication (GI) registered traditional handicraft of Kerala, officially recognised under India's GI Registry (ipindia.gov.in).",10.8505,76.2711,,GI,
Screw Pine Craft of Kerala,Handicraft,Kerala,,"Geographical Indication (GI) registered traditional handicraft of Kerala, officially recognised under India's GI Registry (ipindia.gov.in).",10.8505,76.2711,,GI,
Maddalam of Palakkad,Handicraft,Kerala,,"Geographical Indication (GI) registered traditional handicraft of Kerala, officially recognised under India's GI Registry (ipindia.gov.in).",10.7867,76.6548,,GI,
Cannanore Home Furnishings,Handicraft,Kerala,,"Geographical Indication (GI) registered traditional handicraft of Kerala, officially recognised under India's GI Registry (ipindia.gov.in).",11.8745,75.3704,,GI,
Balaramapuram Sarees And Fine Cotton Fabrics,Handicraft,Kerala,,"Geographical Indication (GI) registered traditional handicraft of Kerala, officially recognised under India's GI Registry (ipindia.gov.in).",8.4167,77.0,,GI,
Kasaragod Sarees,Handicraft,Kerala,,"Geographical Indication (GI) registered traditional handicraft of Kerala, officially recognised under India's GI Registry (ipindia.gov.in).",12.4996,74.9869,,GI,
Kuthampully Sarees,Handicraft,Kerala,,"Geographical Indication (GI) registered traditional handicraft of Kerala, officially recognised under India's GI Registry (ipindia.gov.in).",10.6167,76.4167,,GI,
Chendamangalam Dhoties & Set Mundu,Handicraft,Kerala,,"Geographical Indication (GI) registered traditional handicraft of Kerala, officially recognised under India's GI Registry (ipindia.gov.in).",10.1667,76.2,,GI,
Kannadippaya Bamboo Mat,Handicraft,Kerala,,"Geographical Indication (GI) registered traditional handicraft of Kerala, officially recognised under India's GI Registry (ipindia.gov.in).",10.8505,76.2711,,GI,
Pashmina Wool of Ladakh,Handicraft,Ladakh,,"Geographical Indication (GI) registered traditional handicraft of Ladakh, officially recognised under India's GI Registry (ipindia.gov.in).",34.1526,77.5771,,GI,
Ladakh Shingskos Wood Carving,Handicraft,Ladakh,,"Geographical Indication (GI) registered traditional handicraft of Ladakh, officially recognised under India's GI Registry (ipindia.gov.in).",34.1526,77.5771,,GI,
Chanderi Sarees,Handicraft,Madhya Pradesh,,"Geographical Indication (GI) registered traditional handicraft of Madhya Pradesh, officially recognised under India's GI Registry (ipindia.gov.in).",24.7167,78.1333,,GI,
Leather Toys of Indore,Handicraft,Madhya Pradesh,,"Geographical Indication (GI) registered traditional handicraft of Madhya Pradesh, officially recognised under India's GI Registry (ipindia.gov.in).",22.7196,75.8577,,GI,
Bagh Prints of Madhya Pradesh,Handicraft,Madhya Pradesh,,"Geographical Indication (GI) registered traditional handicraft of Madhya Pradesh, officially recognised under India's GI Registry (ipindia.gov.in).",22.3667,74.75,,GI,
Bell Metal Ware of Datia and Tikamgarh,Handicraft,Madhya Pradesh,,"Geographical Indication (GI) registered traditional handicraft of Madhya Pradesh, officially recognised under India's GI Registry (ipindia.gov.in).",25.6667,78.4667,,GI,
Maheshwar Sarees & Fabrics,Handicraft,Madhya Pradesh,,"Geographical Indication (GI) registered traditional handicraft of Madhya Pradesh, officially recognised under India's GI Registry (ipindia.gov.in).",22.1833,75.5833,,GI,
Gond Painting of Madhya Pradesh,Handicraft,Madhya Pradesh,,"Geographical Indication (GI) registered traditional handicraft of Madhya Pradesh, officially recognised under India's GI Registry (ipindia.gov.in).",22.9734,78.6569,,GI,
Wrought Iron Crafts of Dindori,Handicraft,Madhya Pradesh,,"Geographical Indication (GI) registered traditional handicraft of Madhya Pradesh, officially recognised under India's GI Registry (ipindia.gov.in).",22.9417,81.0781,,GI,
Ujjain Batik Print,Handicraft,Madhya Pradesh,,"Geographical Indication (GI) registered traditional handicraft of Madhya Pradesh, officially recognised under India's GI Registry (ipindia.gov.in).",23.1765,75.7885,,GI,
Gwalior Handmade Carpet,Handicraft,Madhya Pradesh,,"Geographical Indication (GI) registered traditional handicraft of Madhya Pradesh, officially recognised under India's GI Registry (ipindia.gov.in).",26.2183,78.1828,,GI,
Waraseoni Handloom Saree & Fabrics,Handicraft,Madhya Pradesh,,"Geographical Indication (GI) registered traditional handicraft of Madhya Pradesh, officially recognised under India's GI Registry (ipindia.gov.in).",21.7667,80.1,,GI,
Jabalpur Stone Craft,Handicraft,Madhya Pradesh,,"Geographical Indication (GI) registered traditional handicraft of Madhya Pradesh, officially recognised under India's GI Registry (ipindia.gov.in).",23.1815,79.9864,,GI,
Chhatarpur Furniture,Handicraft,Madhya Pradesh,,"Geographical Indication (GI) registered traditional handicraft of Madhya Pradesh, officially recognised under India's GI Registry (ipindia.gov.in).",24.9177,79.5941,,GI,
Khajuraho Stone Craft Of Madhya Pradesh,Handicraft,Madhya Pradesh,,"Geographical Indication (GI) registered traditional handicraft of Madhya Pradesh, officially recognised under India's GI Registry (ipindia.gov.in).",24.8318,79.9199,,GI,
Betul Bharewa Metal Craft,Handicraft,Madhya Pradesh,,"Geographical Indication (GI) registered traditional handicraft of Madhya Pradesh, officially recognised under India's GI Registry (ipindia.gov.in).",21.9022,77.8994,,GI,
Gwalior Papier Mache Craft,Handicraft,Madhya Pradesh,,"Geographical Indication (GI) registered traditional handicraft of Madhya Pradesh, officially recognised under India's GI Registry (ipindia.gov.in).",26.2183,78.1828,,GI,
Gwalior Stone Craft,Handicraft,Madhya Pradesh,,"Geographical Indication (GI) registered traditional handicraft of Madhya Pradesh, officially recognised under India's GI Registry (ipindia.gov.in).",26.2183,78.1828,,GI,
Solapur Chaddar,Handicraft,Maharashtra,,"Geographical Indication (GI) registered traditional handicraft of Maharashtra, officially recognised under India's GI Registry (ipindia.gov.in).",17.6599,75.9064,,GI,
Solapur Terry Towel,Handicraft,Maharashtra,,"Geographical Indication (GI) registered traditional handicraft of Maharashtra, officially recognised under India's GI Registry (ipindia.gov.in).",17.6599,75.9064,,GI,
Puneri Pagadi,Handicraft,Maharashtra,,"Geographical Indication (GI) registered traditional handicraft of Maharashtra, officially recognised under India's GI Registry (ipindia.gov.in).",18.5204,73.8567,,GI,
Paithani Sarees And Fabrics,Handicraft,Maharashtra,,"Geographical Indication (GI) registered traditional handicraft of Maharashtra, officially recognised under India's GI Registry (ipindia.gov.in).",19.076,72.8777,,GI,
Sawantwadi Ganjifa Cards,Handicraft,Maharashtra,,"Geographical Indication (GI) registered traditional handicraft of Maharashtra, officially recognised under India's GI Registry (ipindia.gov.in).",15.9,73.8167,,GI,
Karvath Kati Sarees And Fabrics,Handicraft,Maharashtra,,"Geographical Indication (GI) registered traditional handicraft of Maharashtra, officially recognised under India's GI Registry (ipindia.gov.in).",19.076,72.8777,,GI,
Miraj Tanpura,Handicraft,Maharashtra,,"Geographical Indication (GI) registered traditional handicraft of Maharashtra, officially recognised under India's GI Registry (ipindia.gov.in).",16.83,74.64,,GI,
Hupari Silver Craft,Handicraft,Maharashtra,,"Geographical Indication (GI) registered traditional handicraft of Maharashtra, officially recognised under India's GI Registry (ipindia.gov.in).",16.7833,74.45,,GI,
Miraj Sitar,Handicraft,Maharashtra,,"Geographical Indication (GI) registered traditional handicraft of Maharashtra, officially recognised under India's GI Registry (ipindia.gov.in).",16.83,74.64,,GI,
Sawantwadi Wooden Craft,Handicraft,Maharashtra,,"Geographical Indication (GI) registered traditional handicraft of Maharashtra, officially recognised under India's GI Registry (ipindia.gov.in).",15.9,73.8167,,GI,
Pen Ganesh Idol,Handicraft,Maharashtra,,"Geographical Indication (GI) registered traditional handicraft of Maharashtra, officially recognised under India's GI Registry (ipindia.gov.in).",18.7333,73.0833,,GI,
Kavdi Maal of Tuljapur,Handicraft,Maharashtra,,"Geographical Indication (GI) registered traditional handicraft of Maharashtra, officially recognised under India's GI Registry (ipindia.gov.in).",18.0091,76.0672,,GI,
Shaphee Lanphee,Handicraft,Manipur,,"Geographical Indication (GI) registered traditional handicraft of Manipur, officially recognised under India's GI Registry (ipindia.gov.in).",24.817,93.9368,,GI,
Wangkhei Phee,Handicraft,Manipur,,"Geographical Indication (GI) registered traditional handicraft of Manipur, officially recognised under India's GI Registry (ipindia.gov.in).",24.817,93.9368,,GI,
Meghalaya Garo Textile,Handicraft,Meghalaya,,"Geographical Indication (GI) registered traditional handicraft of Meghalaya, officially recognised under India's GI Registry (ipindia.gov.in).",25.5788,91.8933,,GI,
Meghalaya Lyrnai Pottery,Handicraft,Meghalaya,,"Geographical Indication (GI) registered traditional handicraft of Meghalaya, officially recognised under India's GI Registry (ipindia.gov.in).",25.5788,91.8933,,GI,
Meghalaya Ryndia Textile,Handicraft,Meghalaya,,"Geographical Indication (GI) registered traditional handicraft of Meghalaya, officially recognised under India's GI Registry (ipindia.gov.in).",25.5788,91.8933,,GI,
Meghalaya Khasi Handloom Products,Handicraft,Meghalaya,,"Geographical Indication (GI) registered traditional handicraft of Meghalaya, officially recognised under India's GI Registry (ipindia.gov.in).",25.5788,91.8933,,GI,
Tawlhlohpuan,Handicraft,Mizoram,,"Geographical Indication (GI) registered traditional handicraft of Mizoram, officially recognised under India's GI Registry (ipindia.gov.in).",23.7271,92.7176,,GI,
Mizo Puanchei,Handicraft,Mizoram,,"Geographical Indication (GI) registered traditional handicraft of Mizoram, officially recognised under India's GI Registry (ipindia.gov.in).",23.7271,92.7176,,GI,
Pawndum,Handicraft,Mizoram,,"Geographical Indication (GI) registered traditional handicraft of Mizoram, officially recognised under India's GI Registry (ipindia.gov.in).",23.7271,92.7176,,GI,
Ngotekherh,Handicraft,Mizoram,,"Geographical Indication (GI) registered traditional handicraft of Mizoram, officially recognised under India's GI Registry (ipindia.gov.in).",23.7271,92.7176,,GI,
Hmaram,Handicraft,Mizoram,,"Geographical Indication (GI) registered traditional handicraft of Mizoram, officially recognised under India's GI Registry (ipindia.gov.in).",23.7271,92.7176,,GI,
Chakhesang Shawl,Handicraft,Nagaland,,"Geographical Indication (GI) registered traditional handicraft of Nagaland, officially recognised under India's GI Registry (ipindia.gov.in).",25.6751,94.1086,,GI,
Kotpad Handloom Fabric,Handicraft,Odisha,,"Geographical Indication (GI) registered traditional handicraft of Odisha, officially recognised under India's GI Registry (ipindia.gov.in).",19.15,82.3167,,GI,
Orissa Ikat,Handicraft,Odisha,,"Geographical Indication (GI) registered traditional handicraft of Odisha, officially recognised under India's GI Registry (ipindia.gov.in).",20.2961,85.8245,,GI,
Khandua Saree And Fabrics,Handicraft,Odisha,,"Geographical Indication (GI) registered traditional handicraft of Odisha, officially recognised under India's GI Registry (ipindia.gov.in).",20.2961,85.8245,,GI,
Gopalpur Tussar Fabrics,Handicraft,Odisha,,"Geographical Indication (GI) registered traditional handicraft of Odisha, officially recognised under India's GI Registry (ipindia.gov.in).",19.2667,84.9,,GI,
Dhalapathar Parda & Fabrics,Handicraft,Odisha,,"Geographical Indication (GI) registered traditional handicraft of Odisha, officially recognised under India's GI Registry (ipindia.gov.in).",20.2961,85.8245,,GI,
Sambalpuri Bandha Saree & Fabrics,Handicraft,Odisha,,"Geographical Indication (GI) registered traditional handicraft of Odisha, officially recognised under India's GI Registry (ipindia.gov.in).",21.4669,83.9756,,GI,
Bomkai Saree & Fabrics,Handicraft,Odisha,,"Geographical Indication (GI) registered traditional handicraft of Odisha, officially recognised under India's GI Registry (ipindia.gov.in).",20.4667,83.1667,,GI,
Habaspuri Saree & Fabrics,Handicraft,Odisha,,"Geographical Indication (GI) registered traditional handicraft of Odisha, officially recognised under India's GI Registry (ipindia.gov.in).",19.7833,82.7833,,GI,
Berhampur Patta Phoda Kumbha Saree & Joda,Handicraft,Odisha,,"Geographical Indication (GI) registered traditional handicraft of Odisha, officially recognised under India's GI Registry (ipindia.gov.in).",19.3149,84.7941,,GI,
Kapadaganda Dungaria Kondh Embroidery Shawl,Handicraft,Odisha,,"Geographical Indication (GI) registered traditional handicraft of Odisha, officially recognised under India's GI Registry (ipindia.gov.in).",20.2961,85.8245,,GI,
Painting of Lanjia Saura IDITAL Odisha,Handicraft,Odisha,,"Geographical Indication (GI) registered traditional handicraft of Odisha, officially recognised under India's GI Registry (ipindia.gov.in).",20.2961,85.8245,,GI,
Cuttack Rupa Tarakasi Silver Filigree,Handicraft,Odisha,,"Geographical Indication (GI) registered traditional handicraft of Odisha, officially recognised under India's GI Registry (ipindia.gov.in).",20.4625,85.883,,GI,
Blue Pottery of Jaipur,Handicraft,Rajasthan,,"Geographical Indication (GI) registered traditional handicraft of Rajasthan, officially recognised under India's GI Registry (ipindia.gov.in).",26.9124,75.7873,,GI,
Kathputlis of Rajasthan,Handicraft,Rajasthan,,"Geographical Indication (GI) registered traditional handicraft of Rajasthan, officially recognised under India's GI Registry (ipindia.gov.in).",26.9124,75.7873,,GI,
Sanganeri Hand Block Printing,Handicraft,Rajasthan,,"Geographical Indication (GI) registered traditional handicraft of Rajasthan, officially recognised under India's GI Registry (ipindia.gov.in).",26.8167,75.7833,,GI,
Thewa Art Work,Handicraft,Rajasthan,,"Geographical Indication (GI) registered traditional handicraft of Rajasthan, officially recognised under India's GI Registry (ipindia.gov.in).",26.9124,75.7873,,GI,
Pokaran Pottery,Handicraft,Rajasthan,,"Geographical Indication (GI) registered traditional handicraft of Rajasthan, officially recognised under India's GI Registry (ipindia.gov.in).",26.9167,71.9167,,GI,
Nathdwara Pichhwai Painting,Handicraft,Rajasthan,,"Geographical Indication (GI) registered traditional handicraft of Rajasthan, officially recognised under India's GI Registry (ipindia.gov.in).",24.9333,73.8333,,GI,
Udaipur Koftgari Metal Craft,Handicraft,Rajasthan,,"Geographical Indication (GI) registered traditional handicraft of Rajasthan, officially recognised under India's GI Registry (ipindia.gov.in).",24.5854,73.7125,,GI,
Bikaner Kashidakari Craft,Handicraft,Rajasthan,,"Geographical Indication (GI) registered traditional handicraft of Rajasthan, officially recognised under India's GI Registry (ipindia.gov.in).",28.0229,73.3119,,GI,
Jodhpur Bandhej Craft,Handicraft,Rajasthan,,"Geographical Indication (GI) registered traditional handicraft of Rajasthan, officially recognised under India's GI Registry (ipindia.gov.in).",26.2389,73.0243,,GI,
Bikaner Usta Kala Craft,Handicraft,Rajasthan,,"Geographical Indication (GI) registered traditional handicraft of Rajasthan, officially recognised under India's GI Registry (ipindia.gov.in).",28.0229,73.3119,,GI,
Salem Fabric,Handicraft,Tamil Nadu,,"Geographical Indication (GI) registered traditional handicraft of Tamil Nadu, officially recognised under India's GI Registry (ipindia.gov.in).",11.6643,78.146,,GI,
Kancheepuram Silk,Handicraft,Tamil Nadu,,"Geographical Indication (GI) registered traditional handicraft of Tamil Nadu, officially recognised under India's GI Registry (ipindia.gov.in).",12.8342,79.7036,,GI,
Madurai Sungudi,Handicraft,Tamil Nadu,,"Geographical Indication (GI) registered traditional handicraft of Tamil Nadu, officially recognised under India's GI Registry (ipindia.gov.in).",9.9252,78.1198,,GI,
Swamimalai Bronze Icons,Handicraft,Tamil Nadu,,"Geographical Indication (GI) registered traditional handicraft of Tamil Nadu, officially recognised under India's GI Registry (ipindia.gov.in).",11.1667,79.3167,,GI,
Temple Jewellery of Nagercoil,Handicraft,Tamil Nadu,,"Geographical Indication (GI) registered traditional handicraft of Tamil Nadu, officially recognised under India's GI Registry (ipindia.gov.in).",8.178,77.4346,,GI,
Arani Silk,Handicraft,Tamil Nadu,,"Geographical Indication (GI) registered traditional handicraft of Tamil Nadu, officially recognised under India's GI Registry (ipindia.gov.in).",12.6667,79.2833,,GI,
Kovai Kora Cotton Sarees,Handicraft,Tamil Nadu,,"Geographical Indication (GI) registered traditional handicraft of Tamil Nadu, officially recognised under India's GI Registry (ipindia.gov.in).",11.0168,76.9558,,GI,
Salem Silk know as Salem Venpattu,Handicraft,Tamil Nadu,,"Geographical Indication (GI) registered traditional handicraft of Tamil Nadu, officially recognised under India's GI Registry (ipindia.gov.in).",11.6643,78.146,,GI,
Thanjavur Doll,Handicraft,Tamil Nadu,,"Geographical Indication (GI) registered traditional handicraft of Tamil Nadu, officially recognised under India's GI Registry (ipindia.gov.in).",10.787,79.1378,,GI,
Pattamadai Pai Pattamadai Mat,Handicraft,Tamil Nadu,,"Geographical Indication (GI) registered traditional handicraft of Tamil Nadu, officially recognised under India's GI Registry (ipindia.gov.in).",8.7333,77.5667,,GI,
Nachiarkoil Kuthuvilakku Nachiarkoil Lamp,Handicraft,Tamil Nadu,,"Geographical Indication (GI) registered traditional handicraft of Tamil Nadu, officially recognised under India's GI Registry (ipindia.gov.in).",10.9,79.4167,,GI,
Chettinad Kottan,Handicraft,Tamil Nadu,,"Geographical Indication (GI) registered traditional handicraft of Tamil Nadu, officially recognised under India's GI Registry (ipindia.gov.in).",10.1167,78.7167,,GI,
Thanjavur Veenai,Handicraft,Tamil Nadu,,"Geographical Indication (GI) registered traditional handicraft of Tamil Nadu, officially recognised under India's GI Registry (ipindia.gov.in).",10.787,79.1378,,GI,
Kandangi Saree,Handicraft,Tamil Nadu,,"Geographical Indication (GI) registered traditional handicraft of Tamil Nadu, officially recognised under India's GI Registry (ipindia.gov.in).",13.0827,80.2707,,GI,
Thanjavur Netti Works,Handicraft,Tamil Nadu,,"Geographical Indication (GI) registered traditional handicraft of Tamil Nadu, officially recognised under India's GI Registry (ipindia.gov.in).",10.787,79.1378,,GI,
Arumbavur Wood Carvings,Handicraft,Tamil Nadu,,"Geographical Indication (GI) registered traditional handicraft of Tamil Nadu, officially recognised under India's GI Registry (ipindia.gov.in).",11.1167,78.5333,,GI,
Thirubuvanam Silk Sarees,Handicraft,Tamil Nadu,,"Geographical Indication (GI) registered traditional handicraft of Tamil Nadu, officially recognised under India's GI Registry (ipindia.gov.in).",10.9167,79.4833,,GI,
Karuppur Kalamkari Paintings,Handicraft,Tamil Nadu,,"Geographical Indication (GI) registered traditional handicraft of Tamil Nadu, officially recognised under India's GI Registry (ipindia.gov.in).",13.0827,80.2707,,GI,
Kallakurichi Wood Carving,Handicraft,Tamil Nadu,,"Geographical Indication (GI) registered traditional handicraft of Tamil Nadu, officially recognised under India's GI Registry (ipindia.gov.in).",13.0827,80.2707,,GI,
Narasinghapettai Nagaswaram,Handicraft,Tamil Nadu,,"Geographical Indication (GI) registered traditional handicraft of Tamil Nadu, officially recognised under India's GI Registry (ipindia.gov.in).",13.0827,80.2707,,GI,
Dindigul Locks,Handicraft,Tamil Nadu,,"Geographical Indication (GI) registered traditional handicraft of Tamil Nadu, officially recognised under India's GI Registry (ipindia.gov.in).",10.3624,77.9695,,GI,
Myladi Stone Carvings,Handicraft,Tamil Nadu,,"Geographical Indication (GI) registered traditional handicraft of Tamil Nadu, officially recognised under India's GI Registry (ipindia.gov.in).",13.0827,80.2707,,GI,
Manamadurai Pottery,Handicraft,Tamil Nadu,,"Geographical Indication (GI) registered traditional handicraft of Tamil Nadu, officially recognised under India's GI Registry (ipindia.gov.in).",9.9252,78.1198,,GI,
Thaikkal Rattan Craft,Handicraft,Tamil Nadu,,"Geographical Indication (GI) registered traditional handicraft of Tamil Nadu, officially recognised under India's GI Registry (ipindia.gov.in).",13.0827,80.2707,,GI,
Jaderi Namakatti,Handicraft,Tamil Nadu,,"Geographical Indication (GI) registered traditional handicraft of Tamil Nadu, officially recognised under India's GI Registry (ipindia.gov.in).",13.0827,80.2707,,GI,
Negamam Cotton Saree,Handicraft,Tamil Nadu,,"Geographical Indication (GI) registered traditional handicraft of Tamil Nadu, officially recognised under India's GI Registry (ipindia.gov.in).",13.0827,80.2707,,GI,
Chedibutta Saree,Handicraft,Tamil Nadu,,"Geographical Indication (GI) registered traditional handicraft of Tamil Nadu, officially recognised under India's GI Registry (ipindia.gov.in).",13.0827,80.2707,,GI,
Vilachery Clay Toys,Handicraft,Tamil Nadu,,"Geographical Indication (GI) registered traditional handicraft of Tamil Nadu, officially recognised under India's GI Registry (ipindia.gov.in).",9.9,78.1167,,GI,
Thovalai Maanika Maalai,Handicraft,Tamil Nadu,,"Geographical Indication (GI) registered traditional handicraft of Tamil Nadu, officially recognised under India's GI Registry (ipindia.gov.in).",13.0827,80.2707,,GI,
Ambasamudram Choppu Saman Wooden Toys,Handicraft,Tamil Nadu,,"Geographical Indication (GI) registered traditional handicraft of Tamil Nadu, officially recognised under India's GI Registry (ipindia.gov.in).",13.0827,80.2707,,GI,
Woraiyur Cotton Saree,Handicraft,Tamil Nadu,,"Geographical Indication (GI) registered traditional handicraft of Tamil Nadu, officially recognised under India's GI Registry (ipindia.gov.in).",13.0827,80.2707,,GI,
Namakkal Maakkal Paattirangal,Handicraft,Tamil Nadu,,"Geographical Indication (GI) registered traditional handicraft of Tamil Nadu, officially recognised under India's GI Registry (ipindia.gov.in).",13.0827,80.2707,,GI,
Silver Filigree of Karimnagar,Handicraft,Telangana,,"Geographical Indication (GI) registered traditional handicraft of Telangana, officially recognised under India's GI Registry (ipindia.gov.in).",18.4386,79.1288,,GI,
Nirmal Toys and Craft,Handicraft,Telangana,,"Geographical Indication (GI) registered traditional handicraft of Telangana, officially recognised under India's GI Registry (ipindia.gov.in).",19.0967,78.3436,,GI,
Nirmal Furniture,Handicraft,Telangana,,"Geographical Indication (GI) registered traditional handicraft of Telangana, officially recognised under India's GI Registry (ipindia.gov.in).",19.0967,78.3436,,GI,
Nirmal Paintings,Handicraft,Telangana,,"Geographical Indication (GI) registered traditional handicraft of Telangana, officially recognised under India's GI Registry (ipindia.gov.in).",19.0967,78.3436,,GI,
Gadwal Sarees,Handicraft,Telangana,,"Geographical Indication (GI) registered traditional handicraft of Telangana, officially recognised under India's GI Registry (ipindia.gov.in).",16.2333,77.8,,GI,
Siddipet Gollabama,Handicraft,Telangana,,"Geographical Indication (GI) registered traditional handicraft of Telangana, officially recognised under India's GI Registry (ipindia.gov.in).",18.1019,78.8517,,GI,
Cheriyal Paintings,Handicraft,Telangana,,"Geographical Indication (GI) registered traditional handicraft of Telangana, officially recognised under India's GI Registry (ipindia.gov.in).",17.9,78.9333,,GI,
Pembarthi Metal Craft,Handicraft,Telangana,,"Geographical Indication (GI) registered traditional handicraft of Telangana, officially recognised under India's GI Registry (ipindia.gov.in).",17.9,79.0333,,GI,
Narayanpet Handloom Sarees,Handicraft,Telangana,,"Geographical Indication (GI) registered traditional handicraft of Telangana, officially recognised under India's GI Registry (ipindia.gov.in).",16.75,77.5,,GI,
Adilabad Dokra,Handicraft,Telangana,,"Geographical Indication (GI) registered traditional handicraft of Telangana, officially recognised under India's GI Registry (ipindia.gov.in).",19.664,78.532,,GI,
Warangal Durries,Handicraft,Telangana,,"Geographical Indication (GI) registered traditional handicraft of Telangana, officially recognised under India's GI Registry (ipindia.gov.in).",17.9689,79.5941,,GI,
Telia Rumal,Handicraft,Telangana,,"Geographical Indication (GI) registered traditional handicraft of Telangana, officially recognised under India's GI Registry (ipindia.gov.in).",17.385,78.4867,,GI,
Hyderabad Lac Bangles,Handicraft,Telangana,,"Geographical Indication (GI) registered traditional handicraft of Telangana, officially recognised under India's GI Registry (ipindia.gov.in).",17.385,78.4867,,GI,
Tripura Risa Textile,Handicraft,Tripura,,"Geographical Indication (GI) registered traditional handicraft of Tripura, officially recognised under India's GI Registry (ipindia.gov.in).",23.8315,91.2868,,GI,
Tripura Pachra-Rignai Textile,Handicraft,Tripura,,"Geographical Indication (GI) registered traditional handicraft of Tripura, officially recognised under India's GI Registry (ipindia.gov.in).",23.8315,91.2868,,GI,
Banaras Brocades And Sarees,Handicraft,Uttar Pradesh,,"Geographical Indication (GI) registered traditional handicraft of Uttar Pradesh, officially recognised under India's GI Registry (ipindia.gov.in).",25.3176,82.9739,,GI,
Hand Made Carpet of Bhadohi,Handicraft,Uttar Pradesh,,"Geographical Indication (GI) registered traditional handicraft of Uttar Pradesh, officially recognised under India's GI Registry (ipindia.gov.in).",25.3933,82.5642,,GI,
Varanasi Glass Beads,Handicraft,Uttar Pradesh,,"Geographical Indication (GI) registered traditional handicraft of Uttar Pradesh, officially recognised under India's GI Registry (ipindia.gov.in).",25.3176,82.9739,,GI,
Khurja Pottery,Handicraft,Uttar Pradesh,,"Geographical Indication (GI) registered traditional handicraft of Uttar Pradesh, officially recognised under India's GI Registry (ipindia.gov.in).",26.8467,80.9462,,GI,
Saharanpur Wood Craft,Handicraft,Uttar Pradesh,,"Geographical Indication (GI) registered traditional handicraft of Uttar Pradesh, officially recognised under India's GI Registry (ipindia.gov.in).",29.968,77.546,,GI,
Agra Durrie,Handicraft,Uttar Pradesh,,"Geographical Indication (GI) registered traditional handicraft of Uttar Pradesh, officially recognised under India's GI Registry (ipindia.gov.in).",27.1767,78.0081,,GI,
Banaras Gulabi Meenakari Craft,Handicraft,Uttar Pradesh,,"Geographical Indication (GI) registered traditional handicraft of Uttar Pradesh, officially recognised under India's GI Registry (ipindia.gov.in).",25.3176,82.9739,,GI,
Banaras Metal Repouse Craft,Handicraft,Uttar Pradesh,,"Geographical Indication (GI) registered traditional handicraft of Uttar Pradesh, officially recognised under India's GI Registry (ipindia.gov.in).",25.3176,82.9739,,GI,
Varanasi Wooden Lacquerware & Toys,Handicraft,Uttar Pradesh,,"Geographical Indication (GI) registered traditional handicraft of Uttar Pradesh, officially recognised under India's GI Registry (ipindia.gov.in).",25.3176,82.9739,,GI,
Mirzapur Handmade Dari,Handicraft,Uttar Pradesh,,"Geographical Indication (GI) registered traditional handicraft of Uttar Pradesh, officially recognised under India's GI Registry (ipindia.gov.in).",25.1461,82.568,,GI,
Nizamabad Black Clay Pottery,Handicraft,Uttar Pradesh,,"Geographical Indication (GI) registered traditional handicraft of Uttar Pradesh, officially recognised under India's GI Registry (ipindia.gov.in).",18.6725,78.0941,,GI,
Gorakhpur Terracotta,Handicraft,Uttar Pradesh,,"Geographical Indication (GI) registered traditional handicraft of Uttar Pradesh, officially recognised under India's GI Registry (ipindia.gov.in).",26.7606,83.3732,,GI,
Banaras Zardozi,Handicraft,Uttar Pradesh,,"Geographical Indication (GI) registered traditional handicraft of Uttar Pradesh, officially recognised under India's GI Registry (ipindia.gov.in).",25.3176,82.9739,,GI,
Chunar Glaze Pottery,Handicraft,Uttar Pradesh,,"Geographical Indication (GI) registered traditional handicraft of Uttar Pradesh, officially recognised under India's GI Registry (ipindia.gov.in).",26.8467,80.9462,,GI,
Mirzapur Pital Bartan,Handicraft,Uttar Pradesh,,"Geographical Indication (GI) registered traditional handicraft of Uttar Pradesh, officially recognised under India's GI Registry (ipindia.gov.in).",25.1461,82.568,,GI,
Banaras Wood Carving,Handicraft,Uttar Pradesh,,"Geographical Indication (GI) registered traditional handicraft of Uttar Pradesh, officially recognised under India's GI Registry (ipindia.gov.in).",25.3176,82.9739,,GI,
Banaras Hand Block Print,Handicraft,Uttar Pradesh,,"Geographical Indication (GI) registered traditional handicraft of Uttar Pradesh, officially recognised under India's GI Registry (ipindia.gov.in).",25.3176,82.9739,,GI,
Mau Saree,Handicraft,Uttar Pradesh,,"Geographical Indication (GI) registered traditional handicraft of Uttar Pradesh, officially recognised under India's GI Registry (ipindia.gov.in).",25.9417,83.5611,,GI,
Aligarh Tala,Handicraft,Uttar Pradesh,,"Geographical Indication (GI) registered traditional handicraft of Uttar Pradesh, officially recognised under India's GI Registry (ipindia.gov.in).",27.8974,78.088,,GI,
Bakhira Brassware,Handicraft,Uttar Pradesh,,"Geographical Indication (GI) registered traditional handicraft of Uttar Pradesh, officially recognised under India's GI Registry (ipindia.gov.in).",26.95,83.2,,GI,
Nagina Wood Craft,Handicraft,Uttar Pradesh,,"Geographical Indication (GI) registered traditional handicraft of Uttar Pradesh, officially recognised under India's GI Registry (ipindia.gov.in).",29.45,78.4333,,GI,
Sambhal Horn Craft,Handicraft,Uttar Pradesh,,"Geographical Indication (GI) registered traditional handicraft of Uttar Pradesh, officially recognised under India's GI Registry (ipindia.gov.in).",28.5833,78.5667,,GI,
Amroha Dholak,Handicraft,Uttar Pradesh,,"Geographical Indication (GI) registered traditional handicraft of Uttar Pradesh, officially recognised under India's GI Registry (ipindia.gov.in).",28.9042,78.4686,,GI,
Baghpat Home Furnishings,Handicraft,Uttar Pradesh,,"Geographical Indication (GI) registered traditional handicraft of Uttar Pradesh, officially recognised under India's GI Registry (ipindia.gov.in).",22.3667,74.75,,GI,
Barabanki Handloom Product,Handicraft,Uttar Pradesh,,"Geographical Indication (GI) registered traditional handicraft of Uttar Pradesh, officially recognised under India's GI Registry (ipindia.gov.in).",26.925,81.19,,GI,
Kalpi Handmade Paper,Handicraft,Uttar Pradesh,,"Geographical Indication (GI) registered traditional handicraft of Uttar Pradesh, officially recognised under India's GI Registry (ipindia.gov.in).",26.1167,79.7333,,GI,
Jalesar Dhatu Shilp Metal Craft,Handicraft,Uttar Pradesh,,"Geographical Indication (GI) registered traditional handicraft of Uttar Pradesh, officially recognised under India's GI Registry (ipindia.gov.in).",27.4667,78.3167,,GI,
Bhotia Dann of Uttarakhand,Handicraft,Uttarakhand,,"Geographical Indication (GI) registered traditional handicraft of Uttarakhand, officially recognised under India's GI Registry (ipindia.gov.in).",30.3165,78.0322,,GI,
Uttarakhand Aipan,Handicraft,Uttarakhand,,"Geographical Indication (GI) registered traditional handicraft of Uttarakhand, officially recognised under India's GI Registry (ipindia.gov.in).",30.3165,78.0322,,GI,
Uttarakhand Ringal Craft,Handicraft,Uttarakhand,,"Geographical Indication (GI) registered traditional handicraft of Uttarakhand, officially recognised under India's GI Registry (ipindia.gov.in).",30.3165,78.0322,,GI,
Uttarakhand Tamta Product,Handicraft,Uttarakhand,,"Geographical Indication (GI) registered traditional handicraft of Uttarakhand, officially recognised under India's GI Registry (ipindia.gov.in).",30.3165,78.0322,,GI,
Uttarakhand Thulma,Handicraft,Uttarakhand,,"Geographical Indication (GI) registered traditional handicraft of Uttarakhand, officially recognised under India's GI Registry (ipindia.gov.in).",30.3165,78.0322,,GI,
Rangwali Pichhoda of Kumaon,Handicraft,Uttarakhand,,"Geographical Indication (GI) registered traditional handicraft of Uttarakhand, officially recognised under India's GI Registry (ipindia.gov.in).",29.6167,79.6333,,GI,
Kashmiri Papier-Mache,Handicraft,Jammu and Kashmir,Srinagar,"Intricately hand-painted decorative objects made from paper pulp, a Persian-origin craft flourishing in Kashmir since the 14th century.",34.0837,74.7973,,No tag,
Channapatna Toys,Handicraft,Karnataka,Ramanagara,"Colorful lacquered wooden toys and dolls, a craft tradition dating back to Tipu Sultan's era.",12.6519,77.2004,,No tag,
Kondapalli Toys,Handicraft,Andhra Pradesh,Krishna,"Lightweight wooden toys carved from local Tella Poniki wood, depicting rural life and mythology.",16.612,80.5722,,No tag,
Bankura Terracotta,Handicraft,West Bengal,Bankura,"Iconic elongated-neck terracotta horses and folk art, hand-shaped by traditional Kumbhakar potter communities.",23.2324,87.0739,,No tag,
Blue Pottery,Handicraft,Rajasthan,Jaipur,"Persian-influenced glazed pottery made without clay, using quartz powder, distinctive for its cobalt blue dye.",26.9124,75.7873,,No tag,
Aranmula Kannadi,Handicraft,Kerala,Pathanamthitta,"Handcrafted metal mirrors made from a secret bronze alloy, produced by only a few families in Aranmula village.",9.3306,76.8256,,No tag,
Nagaland Bamboo Craft,Handicraft,Nagaland,Dimapur,"Traditional bamboo and cane products including baskets, mats, and furniture, integral to Naga tribal daily life and festivals.",25.9091,93.7267,,No tag,
Walnut Wood Carving,Handicraft,Jammu and Kashmir,Srinagar,"Ornately carved furniture and decor made from Kashmir walnut wood, renowned for its fine grain and durability.",34.0837,74.7973,,No tag,
Firozabad Glassware,Handicraft,Uttar Pradesh,Firozabad,"Hand-blown coloured glass bangles and decorative items, earning Firozabad the title 'Glass City of India'.",27.1592,78.3957,,No tag,
Meerut Scissors,Handicraft,Uttar Pradesh,Meerut,"Traditional hand-forged scissors and cutting tools, a centuries-old metalworking craft of Meerut.",28.9845,77.7064,,No tag,
Molela Clay Work,Handicraft,Rajasthan,Rajsamand,"Terracotta plaques depicting deities and folk gods, handmade by the Kumhar potter community of Molela village.",25.0708,73.8819,,No tag,
Meenakari Jewelry,Handicraft,Rajasthan,Jaipur,"Vivid enamel work on gold and silver jewelry, a Mughal-era craft perfected by Jaipur's artisans.",26.9124,75.7873,,No tag,
Pipli Applique Work,Handicraft,Odisha,Puri,"Colourful applique craft using cutout fabric patches, traditionally used for temple umbrellas and canopies.",20.1064,85.8189,,No tag,
Konark Stone Carving,Handicraft,Odisha,Puri,Intricate stone sculpture tradition famous for the carvings of the Konark Sun Temple.,19.8876,86.0945,,No tag,
Cuttack Silver Filigree,Handicraft,Odisha,Cuttack,"Delicate silver wire jewelry and decor, hand-twisted into intricate lace-like patterns by Cuttack's silversmiths.",20.4625,85.8828,,No tag,
Purulia Chau Mask,Handicraft,West Bengal,Purulia,Vividly painted papier-mache masks worn during the traditional Chau dance-drama of Purulia.,23.332,86.3616,,No tag,
Santiniketan Leather Goods,Handicraft,West Bengal,Birbhum,Hand-tooled and batik-dyed leather bags and accessories originating from the Santiniketan region founded by Tagore.,23.6821,87.6832,,No tag,
Mahabalipuram Stone Sculpture,Handicraft,Tamil Nadu,Chengalpattu,"Granite stone sculpture tradition dating to the Pallava dynasty, famous for the rock-cut monuments of Mahabalipuram.",12.6208,80.1982,,No tag,
Thanjavur Bommai,Handicraft,Tamil Nadu,Thanjavur,"Traditional bobble-head dolls hand-painted in vivid colours, a folk craft distinct from Thanjavur paintings.",10.787,79.1378,,No tag,
Kolhapuri Chappal,Handicraft,Maharashtra,Kolhapur,"Handcrafted leather sandals made using vegetable-tanned leather, worn for centuries and famous worldwide.",16.705,74.2433,,No tag,
Sikki Grass Craft,Handicraft,Bihar,Madhubani,"Fine golden grass woven into decorative boxes, toys and idols, a traditional Mithila handicraft.",26.3573,86.0725,,No tag,
Bastar Wood Carving,Handicraft,Chhattisgarh,Bastar,"Intricately carved wooden sculptures and masks made by tribal artisans of Bastar, depicting deities and folklore.",19.1073,81.9542,,No tag,
>>>>>>> 35fc9b5963c334ea82df9f5d89e5d8978f131e27
